name_a,name_b,fuzzy,labse
M/s WAPCOS Limited (Project Management Consultant),WAPCOS Ltd,100.0,1.0
M/s Mastek Ltd,"M/s Mastek Ltd (software developer, 2001)",100.0,1.0
M/s ECIL,"M/s ECIL (infrastructure, 2005)",100.0,1.0
M/s WAPCOS Limited,WAPCOS Ltd,100.0,1.0
M/s WAPCOS Limited,M/s WAPCOS Limited (Project Management Consultant),100.0,1.0
Reliance Infrastructure,Reliance Infrastructure Ltd (supplier),100.0,1.0
Shree Ram Construction Co.,Shree Ram Constructions Pvt Ltd,97.77777777777777,0.947
M/s Sharma Infra Projects Pvt. Ltd.,Sharma Infrastructure Projects Private Limited,82.35294117647058,0.878
Konkan IDC,Tapi IDC,55.55555555555556,0.802
Ram Constructions UP,Shree Ram Constructions Pvt Ltd,83.72093023255813,0.769
Konkan IDC,Vidarbha IDC,45.45454545454546,0.767
Central Railway,Western Railway,46.666666666666664,0.761
Ram Constructions Bihar,Shree Ram Constructions Pvt Ltd,73.91304347826086,0.76
Ram Constructions Bihar,Shree Ram Construction Co.,71.11111111111111,0.75
Central Railway,Indian Railways,66.66666666666667,0.75
Godavari Marathwada IDC,Vidarbha IDC,45.714285714285715,0.742
Ram Constructions UP,Shree Ram Construction Co.,80.95238095238095,0.727
BCCI / Mumbai Cricket Association,Vidarbha Cricket Association,74.57627118644068,0.722
Indian Railways,Western Railway,53.333333333333336,0.716
Kalyan Dombivli Municipal Corporation,Municipal Corporation of Greater Mumbai,65.78947368421053,0.698
Godavari Marathwada IDC,Konkan IDC,30.303030303030297,0.695
Mira Bhayandar Municipal Corporation,Municipal Corporation of Greater Mumbai,64.0,0.693
Municipal Corporation of Greater Mumbai,Thane Municipal Corporation,66.66666666666667,0.689
Ram Constructions Bihar,Ram Constructions UP,79.06976744186046,0.674
Western Coalfields Ltd,Western Railway,66.66666666666667,0.673
ICICI Bank (attached/sold property),State Bank of India,48.275862068965516,0.668
Tapi IDC,Vidarbha IDC,50.0,0.665
MCGM,MSEDCL,40.0,0.657
Kalyan Dombivli Municipal Corporation,Thane Municipal Corporation,65.625,0.648
Sharma Infrastructure Projects Private Limited,Shree Ram Constructions Pvt Ltd,49.056603773584904,0.631
M/s Goa State Infrastructure Development Corporation,M/s National Project Construction Corporation Limited (NPCCL),44.9438202247191,0.627
S R Constructions,Shree Ram Constructions Pvt Ltd,85.0,0.604
Ram Constructions UP,S R Constructions,86.48648648648648,0.599
Indian Railways,State Bank of India,41.17647058823529,0.587
Indian Railways,Rail India Technical and Economic Service Limited (RITES),39.28571428571429,0.58
Godavari Marathwada IDC,Tapi IDC,38.70967741935484,0.579
Ram Constructions Bihar,Sharma Infrastructure Projects Private Limited,49.056603773584904,0.579
Mira Bhayandar Municipal Corporation,Thane Municipal Corporation,66.66666666666667,0.579
Maharashtra Krishna Valley Development Corp,Uttar Pradesh Development System Corporation Limited (UPDESCO),57.47126436781609,0.577
Sharma Infrastructure Projects Private Limited,Shree Ram Construction Co.,50.0,0.575
M/s Goa State Infrastructure Development Corporation,"M/s Public Works Department, Panaji, Goa",43.90243902439024,0.564
ICICI Bank (attached/sold property),Konkan IDC,19.999999999999996,0.563
M/s Goa State Infrastructure Development Corporation,Uttar Pradesh Development System Corporation Limited (UPDESCO),69.56521739130434,0.56
M/s ECIL,MSEDCL,60.0,0.56
"M/s ECIL (infrastructure, 2005)",MSEDCL,60.0,0.56
Kalyan Dombivli Municipal Corporation,Mira Bhayandar Municipal Corporation,68.49315068493152,0.557
M/s TCS,MCGM,28.57142857142857,0.533
M/s TCS,MSEDCL,22.22222222222222,0.533
S R Constructions,Shree Ram Construction Co.,82.05128205128204,0.531
Vidarbha Cricket Association,Vidarbha IDC,55.00000000000001,0.53
S R Constructions,Sharma Infrastructure Projects Private Limited,46.808510638297875,0.527
BCCI / Mumbai Cricket Association,Municipal Corporation of Greater Mumbai,48.57142857142858,0.523
Reliance Infrastructure,Sharma Infrastructure Projects Private Limited,67.9245283018868,0.515
Reliance Infrastructure Ltd (supplier),Sharma Infrastructure Projects Private Limited,67.9245283018868,0.515
M/s Goa State Infrastructure Development Corporation,Maharashtra Krishna Valley Development Corp,59.34065934065934,0.514
ICICI Bank (attached/sold property),Tapi IDC,33.333333333333336,0.505
M/s Zafza Mumbai Business Park (India) Pvt Ltd,Municipal Corporation of Greater Mumbai,46.15384615384615,0.505
M/s Sharma Infra Projects Pvt. Ltd.,Shree Ram Constructions Pvt Ltd,40.90909090909091,0.5
Reliance Infrastructure,S R Constructions,44.99999999999999,0.496
Reliance Infrastructure Ltd (supplier),S R Constructions,44.99999999999999,0.496
"M/s Public Works Department, Panaji, Goa",Municipal Corporation of Greater Mumbai,43.83561643835616,0.491
Maharashtra Krishna Valley Development Corp,Maharashtra State Power Generation Co Ltd,51.94805194805194,0.488
Ram Constructions UP,Sharma Infrastructure Projects Private Limited,48.0,0.479
M/s National Project Construction Corporation Limited (NPCCL),"M/s Public Works Department, Panaji, Goa",34.66666666666667,0.478
M/s Sharma Infra Projects Pvt. Ltd.,Ram Constructions Bihar,45.45454545454546,0.477
Kalyan Dombivli Municipal Corporation,"M/s Public Works Department, Panaji, Goa",36.61971830985915,0.476
"M/s Public Works Department, Panaji, Goa",Thane Municipal Corporation,32.786885245901644,0.474
Konkan IDC,"M/s ECIL (infrastructure, 2005)",14.28571428571429,0.473
Konkan IDC,M/s ECIL,14.28571428571429,0.473
M/s National Project Construction Corporation Limited (NPCCL),Sharma Infrastructure Projects Private Limited,45.070422535211264,0.469
BCCI / Mumbai Cricket Association,ICICI Bank (attached/sold property),39.02439024390244,0.469
Indian Railways,Vidarbha IDC,44.44444444444444,0.469
ICICI Bank (attached/sold property),Vidarbha IDC,27.27272727272727,0.467
M/s Sharma Infra Projects Pvt. Ltd.,Sahara Adventure Sports Ltd (IPL franchisee),40.90909090909091,0.466
M/s Goa State Infrastructure Development Corporation,Sharma Infrastructure Projects Private Limited,43.58974358974359,0.465
Indian Railways,Tapi IDC,43.47826086956522,0.464
Maharashtra State Power Generation Co Ltd,State Bank of India,45.28301886792453,0.464
M/s Mastek Ltd,MSEDCL,50.0,0.462
"M/s Mastek Ltd (software developer, 2001)",MSEDCL,50.0,0.462
Maharashtra Krishna Valley Development Corp,Mira Bhayandar Municipal Corporation,37.9746835443038,0.46
"M/s Public Works Department, Panaji, Goa",Mira Bhayandar Municipal Corporation,37.142857142857146,0.46
M/s Garware Wall Ropes Pvt. Ltd,Shree Ram Constructions Pvt Ltd,24.390243902439025,0.46
M/s ECIL,Tapi IDC,33.333333333333336,0.458
"M/s ECIL (infrastructure, 2005)",Tapi IDC,33.333333333333336,0.458
Konkan IDC,State Bank of India,34.48275862068966,0.455
State Bank of India,Tapi IDC,37.03703703703704,0.451
Konkan IDC,MSEDCL,25.0,0.451
M/s Mastek Ltd,MEDA (implementing agency),40.0,0.45
M/s Sharma Infra Projects Pvt. Ltd.,Shree Ram Construction Co.,37.2093023255814,0.45
"M/s Mastek Ltd (software developer, 2001)",MEDA (implementing agency),40.0,0.45
M/s National Project Construction Corporation Limited (NPCCL),Thane Municipal Corporation,52.94117647058824,0.45
M/s TCS,WAPCOS Ltd,44.44444444444444,0.449
M/s TCS,M/s WAPCOS Limited (Project Management Consultant),44.44444444444444,0.449
M/s TCS,M/s WAPCOS Limited,44.44444444444444,0.449
State Bank of India,Western Railway,41.17647058823529,0.449
M/s Impulse Microelectronics Pvt Ltd,MCGM,14.28571428571429,0.448
M/s TCS,"M/s TRIF, Kochi",15.384615384615385,0.448
M/s Goa State Infrastructure Development Corporation,Maharashtra State Power Generation Co Ltd,51.21951219512195,0.447
Sahara Adventure Sports Ltd (IPL franchisee),Sharma Infrastructure Projects Private Limited,41.509433962264154,0.446
Konkan IDC,M/s TCS,15.384615384615385,0.445
M/s Mastek Ltd,MCGM,19.999999999999996,0.443
"M/s Mastek Ltd (software developer, 2001)",MCGM,19.999999999999996,0.443
Central Railway,State Bank of India,23.529411764705888,0.441
BEST,MEDA (implementing agency),25.0,0.441
M/s Goa State Infrastructure Development Corporation,State Bank of India,38.80597014925373,0.44
Konkan IDC,MCGM,14.28571428571429,0.44
"M/s Mastek Ltd (software developer, 2001)",M/s WAPCOS Limited,33.333333333333336,0.439
M/s Mastek Ltd,M/s WAPCOS Limited,33.333333333333336,0.439
"M/s Mastek Ltd (software developer, 2001)",WAPCOS Ltd,33.333333333333336,0.439
M/s Mastek Ltd,M/s WAPCOS Limited (Project Management Consultant),33.333333333333336,0.439
M/s Mastek Ltd,WAPCOS Ltd,33.333333333333336,0.439
"M/s Mastek Ltd (software developer, 2001)",M/s WAPCOS Limited (Project Management Consultant),33.333333333333336,0.439
M/s Sharma Infra Projects Pvt. Ltd.,S R Constructions,36.8421052631579,0.438
M/s National Project Construction Corporation Limited (NPCCL),State Bank of India,30.000000000000004,0.438
Maharashtra State Power Generation Co Ltd,Tata Power,40.90909090909091,0.437
Indian Railways,Konkan IDC,31.999999999999996,0.437
M/s ECIL,M/s Mastek Ltd,19.999999999999996,0.435
M/s ECIL,"M/s Mastek Ltd (software developer, 2001)",19.999999999999996,0.435
"M/s ECIL (infrastructure, 2005)",M/s Mastek Ltd,19.999999999999996,0.435
"M/s ECIL (infrastructure, 2005)","M/s Mastek Ltd (software developer, 2001)",19.999999999999996,0.435
BEST,M/s Mastek Ltd,40.0,0.432
BEST,"M/s Mastek Ltd (software developer, 2001)",40.0,0.432
M/s CRISIL Risk and Infrastructure Solutions Limited,Sharma Infrastructure Projects Private Limited,54.28571428571429,0.429
MSEDCL,Tapi IDC,28.57142857142857,0.429
Godavari Marathwada IDC,M/s Haldia Petrochemicals,27.27272727272727,0.429
State Bank of India,Vidarbha IDC,32.25806451612904,0.428
Ram Constructions Bihar,S R Constructions,75.0,0.428
"M/s Krisnaa Diagnostics Pvt. Ltd., Jaipur",Maharashtra Krishna Valley Development Corp,31.88405797101449,0.425
"M/s ECIL (infrastructure, 2005)",Vidarbha IDC,25.0,0.424
M/s ECIL,Vidarbha IDC,25.0,0.424
M/s CRISIL Risk and Infrastructure Solutions Limited,Reliance Infrastructure,60.31746031746032,0.424
M/s CRISIL Risk and Infrastructure Solutions Limited,Reliance Infrastructure Ltd (supplier),60.31746031746032,0.424
ICICI Bank (attached/sold property),"M/s ECIL (infrastructure, 2005)",28.57142857142857,0.423
ICICI Bank (attached/sold property),M/s ECIL,28.57142857142857,0.423
Ram Constructions UP,Reliance Infrastructure Ltd (supplier),46.51162790697675,0.422
Ram Constructions UP,Reliance Infrastructure,46.51162790697675,0.422
ICICI Bank (attached/sold property),"M/s TRIF, Kochi",40.0,0.421
M/s WAPCOS Limited,MSEDCL,16.666666666666664,0.42
M/s WAPCOS Limited (Project Management Consultant),MSEDCL,16.666666666666664,0.42
M/s National Project Construction Corporation Limited (NPCCL),S R Constructions,51.72413793103448,0.42
M/s ECIL,M/s TCS,28.57142857142857,0.42
MSEDCL,WAPCOS Ltd,16.666666666666664,0.42
"M/s ECIL (infrastructure, 2005)",M/s TCS,28.57142857142857,0.42
Central Railway,Rail India Technical and Economic Service Limited (RITES),32.14285714285714,0.419
"M/s ECIL (infrastructure, 2005)",MCGM,25.0,0.419
M/s ECIL,MCGM,25.0,0.419
M/s TCS,Tapi IDC,18.181818181818176,0.418
Karnala Mahila Readymade Garment & Vastra Udyog Industrial Co-op Society (purchasers),Mira Bhayandar Municipal Corporation,31.06796116504854,0.418
Karnala Mahila Readymade Garment & Vastra Udyog Industrial Co-op Society (purchasers),Maharashtra Krishna Valley Development Corp,40.0,0.417
Mira Bhayandar Municipal Corporation,Vidarbha Cricket Association,40.625,0.415
BEST,MSEDCL,19.999999999999996,0.414
Maharashtra State Power Generation Co Ltd,Mira Bhayandar Municipal Corporation,40.0,0.414
M/s Goa State Infrastructure Development Corporation,Municipal Corporation of Greater Mumbai,45.97701149425287,0.41
Tata Consultancy Services Ltd,Tata Power,45.714285714285715,0.41
BCCI / Mumbai Cricket Association,M/s Zafza Mumbai Business Park (India) Pvt Ltd,38.59649122807017,0.408
Godavari Marathwada IDC,M/s Gayathri Hatchery-I,42.85714285714286,0.407
MCGM,Tapi IDC,16.666666666666664,0.406
M/s Garware Wall Ropes Pvt. Ltd,Ram Constructions Bihar,39.02439024390244,0.406
M/s Garware Wall Ropes Pvt. Ltd,Shree Ram Construction Co.,25.0,0.405
Rail India Technical and Economic Service Limited (RITES),Western Railway,32.14285714285714,0.404
M/s Goa State Infrastructure Development Corporation,Reliance Infrastructure Ltd (supplier),47.887323943661976,0.402
M/s National Project Construction Corporation Limited (NPCCL),Shree Ram Construction Co.,57.14285714285714,0.402
M/s Goa State Infrastructure Development Corporation,Reliance Infrastructure,47.887323943661976,0.402
M/s TCS,Vidarbha IDC,13.33333333333333,0.402
Rail India Technical and Economic Service Limited (RITES),State Bank of India,43.333333333333336,0.401
Indian Railways,Reliance Infrastructure,36.8421052631579,0.399
Indian Railways,Reliance Infrastructure Ltd (supplier),36.8421052631579,0.399
MSEDCL,Vidarbha IDC,22.22222222222222,0.399
Municipal Corporation of Greater Mumbai,State Bank of India,34.48275862068966,0.396
Godavari Marathwada IDC,Indian Railways,36.8421052631579,0.395
M/s Jai Laxmi Agro Foods Pvt. Ltd,M/s Surya Vamsi Shrimp Hatcheries,40.816326530612244,0.395
Konkan IDC,"M/s TRIF, Kochi",19.999999999999996,0.395
M/s Sharma Infra Projects Pvt. Ltd.,Ram Constructions UP,39.02439024390244,0.394
M/s National Project Construction Corporation Limited (NPCCL),M/s Sharma Infra Projects Pvt. Ltd.,38.70967741935484,0.394
Mira Bhayandar Municipal Corporation,State Bank of India,36.36363636363637,0.393
MCGM,WAPCOS Ltd,19.999999999999996,0.392
M/s WAPCOS Limited,MCGM,19.999999999999996,0.392
BEST,"M/s ECIL (infrastructure, 2005)",25.0,0.392
BEST,M/s ECIL,25.0,0.392
M/s WAPCOS Limited (Project Management Consultant),MCGM,19.999999999999996,0.392
Rail India Technical and Economic Service Limited (RITES),Tata Consultancy Services Ltd,45.45454545454546,0.391
Reliance Infrastructure Ltd (supplier),Shree Ram Constructions Pvt Ltd,52.17391304347826,0.391
Reliance Infrastructure,Shree Ram Constructions Pvt Ltd,52.17391304347826,0.391
M/s TCS,Tata Power,15.384615384615385,0.387
M/s National Project Construction Corporation Limited (NPCCL),Ram Constructions Bihar,46.875,0.386
M/s Zafza Mumbai Business Park (India) Pvt Ltd,Mira Bhayandar Municipal Corporation,29.032258064516125,0.386
M/s National Project Construction Corporation Limited (NPCCL),Uttar Pradesh Development System Corporation Limited (UPDESCO),44.705882352941174,0.386
Maharashtra Krishna Valley Development Corp,Vidarbha Cricket Association,30.98591549295775,0.385
MEDA (implementing agency),MSEDCL,60.0,0.384
M/s Mastek Ltd,Tata Power,25.0,0.384
"M/s Mastek Ltd (software developer, 2001)",Tata Power,25.0,0.384
BCCI / Mumbai Cricket Association,"M/s TRIF, Kochi",29.268292682926834,0.383
M/s National Project Construction Corporation Limited (NPCCL),Shree Ram Constructions Pvt Ltd,56.25,0.383
Mira Bhayandar Municipal Corporation,Vidarbha IDC,25.0,0.383
MCGM,Vidarbha IDC,12.5,0.382
M/s Goa State Infrastructure Development Corporation,Thane Municipal Corporation,53.333333333333336,0.382
M/s ECIL,M/s WAPCOS Limited,19.999999999999996,0.381
Godavari Marathwada IDC,Spanco Nagpur Discom Ltd (MSEDCL franchisee),32.55813953488372,0.381
Reliance Infrastructure Ltd (supplier),Shree Ram Construction Co.,53.333333333333336,0.381
Reliance Infrastructure,Shree Ram Construction Co.,53.333333333333336,0.381
M/s ECIL,M/s WAPCOS Limited (Project Management Consultant),19.999999999999996,0.381
"M/s ECIL (infrastructure, 2005)",M/s WAPCOS Limited,19.999999999999996,0.381
"M/s ECIL (infrastructure, 2005)",M/s WAPCOS Limited (Project Management Consultant),19.999999999999996,0.381
"M/s ECIL (infrastructure, 2005)",WAPCOS Ltd,19.999999999999996,0.381
M/s ECIL,WAPCOS Ltd,19.999999999999996,0.381
M/s Lulu International Shopping Mall,M/s Zafza Mumbai Business Park (India) Pvt Ltd,31.034482758620683,0.38
M/s Gayathri Hatchery-I,M/s Jai Laxmi Agro Foods Pvt. Ltd,30.76923076923077,0.379
M/s National Project Construction Corporation Limited (NPCCL),Municipal Corporation of Greater Mumbai,50.0,0.379
M/s Haldia Petrochemicals,Western Coalfields Ltd,35.89743589743589,0.379
Mira Bhayandar Municipal Corporation,Ram Constructions Bihar,54.23728813559322,0.378
M/s CRISIL Risk and Infrastructure Solutions Limited,Rail India Technical and Economic Service Limited (RITES),44.44444444444444,0.378
"M/s Mastek Ltd (software developer, 2001)",M/s TCS,22.22222222222222,0.378
M/s Mastek Ltd,M/s TCS,22.22222222222222,0.378
BCCI / Mumbai Cricket Association,Vidarbha IDC,27.906976744186053,0.377
ICICI Bank (attached/sold property),Indian Railways,31.999999999999996,0.377
Ram Constructions Bihar,Reliance Infrastructure Ltd (supplier),47.82608695652174,0.376
Ram Constructions Bihar,Reliance Infrastructure,47.82608695652174,0.376
"M/s ECIL (infrastructure, 2005)",MEDA (implementing agency),25.0,0.375
M/s Huntsman International (I) Pvt. Ltd.,M/s Lulu International Shopping Mall,48.14814814814815,0.375
M/s ECIL,MEDA (implementing agency),25.0,0.375
BEST,WAPCOS Ltd,19.999999999999996,0.374
BEST,M/s WAPCOS Limited (Project Management Consultant),19.999999999999996,0.374
BEST,M/s WAPCOS Limited,19.999999999999996,0.374
BCCI / Mumbai Cricket Association,Kalyan Dombivli Municipal Corporation,44.11764705882353,0.372
M/s Garware Wall Ropes Pvt. Ltd,Ram Constructions UP,26.315789473684216,0.372
Central Railway,Thane Municipal Corporation,33.333333333333336,0.371
Tata Consultancy Services Ltd,Thane Municipal Corporation,38.46153846153846,0.371
M/s Garware Wall Ropes Pvt. Ltd,M/s Surya Vamsi Shrimp Hatcheries,38.297872340425535,0.371
BCCI / Mumbai Cricket Association,State Bank of India,28.000000000000004,0.371
State Bank of India,Thane Municipal Corporation,43.47826086956522,0.37
Central Railway,M/s TCS,11.111111111111116,0.369
"M/s TRIF, Kochi",Tapi IDC,44.44444444444444,0.369
Indian Railways,Western Coalfields Ltd,30.303030303030297,0.367
Central Railway,ICICI Bank (attached/sold property),24.0,0.367
BCCI / Mumbai Cricket Association,Mira Bhayandar Municipal Corporation,41.7910447761194,0.367
Indian Railways,M/s Sharma Infra Projects Pvt. Ltd.,38.888888888888886,0.366
Central Railway,Reliance Infrastructure Ltd (supplier),36.8421052631579,0.365
Central Railway,Reliance Infrastructure,36.8421052631579,0.365
Tata Power,Thane Municipal Corporation,37.83783783783784,0.365
Indian Railways,M/s Haldia Petrochemicals,44.44444444444444,0.365
BEST,Tata Power,28.57142857142857,0.364
M/s National Project Construction Corporation Limited (NPCCL),Maharashtra State Power Generation Co Ltd,42.666666666666664,0.364
Central Railway,Western Coalfields Ltd,36.36363636363637,0.362
Kalyan Dombivli Municipal Corporation,M/s National Project Construction Corporation Limited (NPCCL),43.58974358974359,0.362
M/s WAPCOS Limited (Project Management Consultant),Tata Power,25.0,0.362
Tata Power,WAPCOS Ltd,25.0,0.362
M/s WAPCOS Limited,Tata Power,25.0,0.362
M/s Haldia Petrochemicals,M/s Rohan Dyes & Intermediates Ltd.,35.55555555555555,0.361
"M/s TRIF, Kochi",Vidarbha IDC,27.27272727272727,0.361
BEST,Tapi IDC,16.666666666666664,0.361
Kalyan Dombivli Municipal Corporation,M/s Goa State Infrastructure Development Corporation,49.411764705882355,0.359
MEDA (implementing agency),Tapi IDC,33.333333333333336,0.359
M/s Sharma Infra Projects Pvt. Ltd.,Reliance Infrastructure Ltd (supplier),50.0,0.358
M/s Sharma Infra Projects Pvt. Ltd.,Reliance Infrastructure,50.0,0.358
MCGM,Municipal Corporation of Greater Mumbai,13.953488372093027,0.357
Sahara Adventure Sports Ltd (IPL franchisee),Vidarbha Cricket Association,31.372549019607842,0.357
Godavari Marathwada IDC,State Bank of India,33.333333333333336,0.357
Central Railway,Tapi IDC,34.78260869565217,0.357
M/s Surya Vamsi Shrimp Hatcheries,Shree Ram Constructions Pvt Ltd,38.46153846153846,0.356
M/s Garware Wall Ropes Pvt. Ltd,M/s Rohan Dyes & Intermediates Ltd.,33.333333333333336,0.355
Godavari Marathwada IDC,"M/s TRIF, Kochi",24.242424242424242,0.354
M/s National Project Construction Corporation Limited (NPCCL),Ram Constructions UP,55.73770491803278,0.354
M/s National Project Construction Corporation Limited (NPCCL),Reliance Infrastructure Ltd (supplier),40.625,0.353
M/s National Project Construction Corporation Limited (NPCCL),Reliance Infrastructure,40.625,0.353
M/s Surya Vamsi Shrimp Hatcheries,M/s Zafza Mumbai Business Park (India) Pvt Ltd,32.72727272727273,0.352
M/s Zafza Mumbai Business Park (India) Pvt Ltd,Ram Constructions Bihar,36.73469387755102,0.352
MCGM,MEDA (implementing agency),25.0,0.351
M/s Goa State Infrastructure Development Corporation,Shree Ram Construction Co.,40.0,0.351
Maharashtra State Power Generation Co Ltd,Sharma Infrastructure Projects Private Limited,43.75,0.35
Maharashtra State Power Generation Co Ltd,Ram Constructions Bihar,35.08771929824561,0.349
"M/s TRIF, Kochi",M/s WAPCOS Limited (Project Management Consultant),12.5,0.349
"M/s TRIF, Kochi",M/s WAPCOS Limited,12.5,0.349
"M/s TRIF, Kochi",WAPCOS Ltd,12.5,0.349
Konkan IDC,M/s Punj Lloyd Ltd.,30.000000000000004,0.348
Godavari Marathwada IDC,MCGM,14.814814814814813,0.348
BCCI / Mumbai Cricket Association,Tapi IDC,30.76923076923077,0.348
Indian Railways,M/s Huntsman International (I) Pvt. Ltd.,43.24324324324324,0.347
BEST,M/s TCS,28.57142857142857,0.347
M/s TCS,Thane Municipal Corporation,13.33333333333333,0.346
M/s Goa State Infrastructure Development Corporation,S R Constructions,36.92307692307693,0.346
Maharashtra State Power Generation Co Ltd,Municipal Corporation of Greater Mumbai,41.0958904109589,0.346
M/s Haldia Petrochemicals,M/s Jai Laxmi Agro Foods Pvt. Ltd,29.268292682926834,0.346
BCCI / Mumbai Cricket Association,MCGM,11.428571428571432,0.345
"M/s Public Works Department, Panaji, Goa",M/s Zafza Mumbai Business Park (India) Pvt Ltd,26.66666666666667,0.344
Sharma Infrastructure Projects Private Limited,Uttar Pradesh Development System Corporation Limited (UPDESCO),35.13513513513513,0.343
M/s Goa State Infrastructure Development Corporation,M/s Sharma Infra Projects Pvt. Ltd.,31.88405797101449,0.343
ICICI Bank (attached/sold property),Reliance Infrastructure Ltd (supplier),24.242424242424242,0.342
Reliance Infrastructure Ltd (supplier),State Bank of India,33.333333333333336,0.342
ICICI Bank (attached/sold property),Reliance Infrastructure,24.242424242424242,0.342
Reliance Infrastructure,State Bank of India,33.333333333333336,0.342
Tapi IDC,Thane Municipal Corporation,28.57142857142857,0.342
M/s Goa State Infrastructure Development Corporation,Ram Constructions Bihar,33.80281690140845,0.342
Tapi IDC,Tata Power,33.333333333333336,0.341
M/s TCS,S R Constructions,30.000000000000004,0.341
M/s Goa State Infrastructure Development Corporation,Ram Constructions UP,32.35294117647059,0.34
M/s Huntsman International (I) Pvt. Ltd.,Sahara Adventure Sports Ltd (IPL franchisee),31.11111111111111,0.34
Indian Railways,S R Constructions,37.5,0.339
"M/s Krisnaa Diagnostics Pvt. Ltd., Jaipur",Vidarbha IDC,31.57894736842105,0.339
Indian Railways,M/s National Project Construction Corporation Limited (NPCCL),28.57142857142857,0.339
Indian Railways,Vidarbha Cricket Association,32.55813953488372,0.339
M/s National Project Construction Corporation Limited (NPCCL),Maharashtra Krishna Valley Development Corp,35.71428571428571,0.339
Karnala Mahila Readymade Garment & Vastra Udyog Industrial Co-op Society (purchasers),M/s Goa State Infrastructure Development Corporation,34.78260869565217,0.338
M/s Gayathri Hatchery-I,"M/s TRIF, Kochi",41.379310344827594,0.337
Vidarbha IDC,WAPCOS Ltd,11.111111111111116,0.337
M/s WAPCOS Limited,Vidarbha IDC,11.111111111111116,0.337
M/s WAPCOS Limited (Project Management Consultant),Vidarbha IDC,11.111111111111116,0.337
BCCI / Mumbai Cricket Association,Konkan IDC,24.390243902439025,0.336
Godavari Marathwada IDC,M/s TCS,7.692307692307687,0.336
M/s National Project Construction Corporation Limited (NPCCL),Mira Bhayandar Municipal Corporation,49.350649350649356,0.335
Spanco Nagpur Discom Ltd (MSEDCL franchisee),State Bank of India,30.76923076923077,0.335
Indian Railways,Sharma Infrastructure Projects Private Limited,31.11111111111111,0.335
ICICI Bank (attached/sold property),MSEDCL,12.5,0.335
Municipal Corporation of Greater Mumbai,Vidarbha Cricket Association,38.80597014925373,0.334
Indian Railways,M/s Garware Wall Ropes Pvt. Ltd,30.303030303030297,0.334
M/s Goa State Infrastructure Development Corporation,Shree Ram Constructions Pvt Ltd,39.43661971830986,0.334
Maharashtra State Power Generation Co Ltd,Shree Ram Construction Co.,50.0,0.334
M/s Gayathri Hatchery-I,M/s Huntsman International (I) Pvt. Ltd.,29.268292682926834,0.333
BCCI / Mumbai Cricket Association,Ram Constructions Bihar,37.03703703703704,0.333
Kalyan Dombivli Municipal Corporation,Maharashtra Krishna Valley Development Corp,37.5,0.333
Godavari Marathwada IDC,Kalyan Dombivli Municipal Corporation,30.000000000000004,0.332
State Bank of India,Vidarbha Cricket Association,34.04255319148937,0.332
BCCI / Mumbai Cricket Association,Godavari Marathwada IDC,33.333333333333336,0.332
Godavari Marathwada IDC,ICICI Bank (attached/sold property),24.242424242424242,0.331
Maharashtra State Power Generation Co Ltd,Western Railway,40.816326530612244,0.331
M/s Gayathri Hatchery-I,M/s Haldia Petrochemicals,40.0,0.331
M/s CRISIL Risk and Infrastructure Solutions Limited,S R Constructions,42.10526315789473,0.33
Kalyan Dombivli Municipal Corporation,M/s Zafza Mumbai Business Park (India) Pvt Ltd,31.746031746031743,0.33
M/s Gayathri Hatchery-I,Western Coalfields Ltd,32.432432432432435,0.33
ICICI Bank (attached/sold property),Thane Municipal Corporation,32.432432432432435,0.33
Godavari Marathwada IDC,Vidarbha Cricket Association,43.13725490196079,0.33
M/s Goa State Infrastructure Development Corporation,Rail India Technical and Economic Service Limited (RITES),42.69662921348315,0.329
Godavari Marathwada IDC,MSEDCL,13.793103448275868,0.328
M/s Mastek Ltd,Tapi IDC,14.28571428571429,0.328
"M/s Mastek Ltd (software developer, 2001)",Tapi IDC,14.28571428571429,0.328
M/s Garware Wall Ropes Pvt. Ltd,M/s Gayathri Hatchery-I,37.83783783783784,0.327
MEDA (implementing agency),Tata Power,28.57142857142857,0.327
BEST,ICICI Bank (attached/sold property),14.28571428571429,0.327
ICICI Bank (attached/sold property),M/s TCS,15.384615384615385,0.326
M/s Goa State Infrastructure Development Corporation,Mira Bhayandar Municipal Corporation,45.238095238095234,0.326
Reliance Infrastructure Ltd (supplier),Western Railway,36.8421052631579,0.325
"M/s TRIF, Kochi",MCGM,14.28571428571429,0.325
BEST,MCGM,0.0,0.325
Reliance Infrastructure,Western Railway,36.8421052631579,0.325
Maharashtra Krishna Valley Development Corp,Municipal Corporation of Greater Mumbai,41.463414634146346,0.324
ICICI Bank (attached/sold property),Spanco Nagpur Discom Ltd (MSEDCL franchisee),19.999999999999996,0.324
Tata Power,Western Railway,24.0,0.323
Central Railway,M/s National Project Construction Corporation Limited (NPCCL),32.14285714285714,0.323
M/s CRISIL Risk and Infrastructure Solutions Limited,M/s National Project Construction Corporation Limited (NPCCL),39.50617283950617,0.323
M/s Gayathri Hatchery-I,Shree Ram Construction Co.,34.14634146341463,0.323
Maharashtra Krishna Valley Development Corp,Shree Ram Construction Co.,43.07692307692308,0.321
MSEDCL,S R Constructions,17.391304347826086,0.32
Maharashtra State Power Generation Co Ltd,Uttar Pradesh Development System Corporation Limited (UPDESCO),43.58974358974359,0.32
ICICI Bank (attached/sold property),Western Railway,16.000000000000004,0.32
"M/s Krisnaa Diagnostics Pvt. Ltd., Jaipur",Tata Consultancy Services Ltd,39.21568627450981,0.32
MSEDCL,State Bank of India,16.000000000000004,0.319
"M/s Krisnaa Diagnostics Pvt. Ltd., Jaipur",Spanco Nagpur Discom Ltd (MSEDCL franchisee),52.17391304347826,0.319
Sharma Infrastructure Projects Private Limited,Tata Consultancy Services Ltd,40.0,0.318
Maharashtra Krishna Valley Development Corp,Sharma Infrastructure Projects Private Limited,32.87671232876712,0.318
M/s Embassy One Developers Private Limited,M/s National Project Construction Corporation Limited (NPCCL),25.396825396825395,0.318
Central Railway,Tata Power,40.0,0.317
Godavari Marathwada IDC,M/s Huntsman International (I) Pvt. Ltd.,31.11111111111111,0.317
Konkan IDC,M/s WAPCOS Limited (Project Management Consultant),25.0,0.317
Konkan IDC,M/s WAPCOS Limited,25.0,0.317
Konkan IDC,WAPCOS Ltd,25.0,0.317
M/s Zafza Mumbai Business Park (India) Pvt Ltd,State Bank of India,35.55555555555555,0.316
M/s Impulse Microelectronics Pvt Ltd,Vidarbha IDC,22.22222222222222,0.316
Mira Bhayandar Municipal Corporation,Uttar Pradesh Development System Corporation Limited (UPDESCO),47.5,0.316
Ram Constructions Bihar,Vidarbha Cricket Association,39.21568627450981,0.316
"M/s Public Works Department, Panaji, Goa",Tata Consultancy Services Ltd,27.118644067796616,0.316
Central Railway,Vidarbha IDC,29.629629629629626,0.315
Sahara Adventure Sports Ltd (IPL franchisee),Shree Ram Construction Co.,40.0,0.315
Sahara Adventure Sports Ltd (IPL franchisee),Shree Ram Constructions Pvt Ltd,39.13043478260869,0.314
Indian Railways,Maharashtra State Power Generation Co Ltd,32.6530612244898,0.314
Maharashtra State Power Generation Co Ltd,Sahara Adventure Sports Ltd (IPL franchisee),49.122807017543856,0.313
M/s Punj Lloyd Ltd.,Tapi IDC,33.333333333333336,0.313
ICICI Bank (attached/sold property),"M/s Mastek Ltd (software developer, 2001)",25.0,0.313
ICICI Bank (attached/sold property),M/s Mastek Ltd,25.0,0.313
Thane Municipal Corporation,Uttar Pradesh Development System Corporation Limited (UPDESCO),53.52112676056338,0.313
M/s Zafza Mumbai Business Park (India) Pvt Ltd,Maharashtra Krishna Valley Development Corp,26.086956521739136,0.311
Maharashtra Krishna Valley Development Corp,Ram Constructions Bihar,33.333333333333336,0.311
M/s Garware Wall Ropes Pvt. Ltd,Western Railway,36.36363636363637,0.311
M/s Zafza Mumbai Business Park (India) Pvt Ltd,Sharma Infrastructure Projects Private Limited,35.71428571428571,0.311
Central Railway,"M/s ECIL (infrastructure, 2005)",31.57894736842105,0.31
M/s Surya Vamsi Shrimp Hatcheries,Shree Ram Construction Co.,35.29411764705882,0.31
Central Railway,M/s ECIL,31.57894736842105,0.31
Indian Railways,Ram Constructions Bihar,36.8421052631579,0.31
M/s CRISIL Risk and Infrastructure Solutions Limited,Shree Ram Constructions Pvt Ltd,38.095238095238095,0.309
State Bank of India,Tata Power,34.48275862068966,0.309
M/s Sharma Infra Projects Pvt. Ltd.,Maharashtra Krishna Valley Development Corp,34.375,0.309
M/s Punj Lloyd Ltd.,MEDA (implementing agency),14.28571428571429,0.309
"M/s TRIF, Kochi",Tata Power,30.000000000000004,0.308
Central Railway,Maharashtra State Power Generation Co Ltd,36.73469387755102,0.308
Indian Railways,M/s Rohan Dyes & Intermediates Ltd.,41.02564102564102,0.308
M/s Huntsman International (I) Pvt. Ltd.,Vidarbha IDC,23.529411764705888,0.308
Konkan IDC,Spanco Nagpur Discom Ltd (MSEDCL franchisee),40.0,0.308
Municipal Corporation of Greater Mumbai,Ram Constructions Bihar,35.483870967741936,0.307
Central Railway,Konkan IDC,24.0,0.307
Kalyan Dombivli Municipal Corporation,State Bank of India,28.57142857142857,0.307
M/s Surya Vamsi Shrimp Hatcheries,Ram Constructions Bihar,42.307692307692314,0.307
Karnala Mahila Readymade Garment & Vastra Udyog Industrial Co-op Society (purchasers),Uttar Pradesh Development System Corporation Limited (UPDESCO),36.03603603603604,0.306
"M/s TRIF, Kochi",Vidarbha Cricket Association,31.57894736842105,0.306
M/s WAPCOS Limited,Tapi IDC,28.57142857142857,0.305
M/s WAPCOS Limited (Project Management Consultant),Tapi IDC,28.57142857142857,0.305
Godavari Marathwada IDC,"M/s Krisnaa Diagnostics Pvt. Ltd., Jaipur",36.73469387755102,0.305
Tapi IDC,WAPCOS Ltd,28.57142857142857,0.305
M/s Embassy One Developers Private Limited,Ram Constructions UP,28.57142857142857,0.305
M/s Haldia Petrochemicals,Vidarbha IDC,36.36363636363637,0.304
Godavari Marathwada IDC,Mira Bhayandar Municipal Corporation,33.89830508474576,0.304
Maharashtra Krishna Valley Development Corp,Sahara Adventure Sports Ltd (IPL franchisee),42.42424242424242,0.303
M/s Gayathri Hatchery-I,Sahara Adventure Sports Ltd (IPL franchisee),38.095238095238095,0.303
Maharashtra Krishna Valley Development Corp,Shree Ram Constructions Pvt Ltd,42.42424242424242,0.303
M/s Impulse Microelectronics Pvt Ltd,MSEDCL,33.333333333333336,0.303
M/s TCS,Tata Consultancy Services Ltd,21.42857142857143,0.303
Central Railway,MSEDCL,19.047619047619047,0.303
BEST,Central Railway,21.052631578947366,0.302
Karnala Mahila Readymade Garment & Vastra Udyog Industrial Co-op Society (purchasers),Vidarbha Cricket Association,33.684210526315795,0.302
"M/s TRIF, Kochi",Thane Municipal Corporation,27.027027027027028,0.302
M/s Haldia Petrochemicals,MEDA (implementing agency),16.000000000000004,0.301
Rail India Technical and Economic Service Limited (RITES),Sharma Infrastructure Projects Private Limited,36.61971830985915,0.3
M/s Embassy One Developers Private Limited,State Bank of India,24.390243902439025,0.3
Maharashtra State Power Generation Co Ltd,Shree Ram Constructions Pvt Ltd,49.122807017543856,0.3
M/s Gayathri Hatchery-I,Ram Constructions Bihar,28.57142857142857,0.3
"M/s Public Works Department, Panaji, Goa",State Bank of India,30.188679245283023,0.3
M/s Impulse Microelectronics Pvt Ltd,Maharashtra State Power Generation Co Ltd,27.586206896551722,0.3
Central Railway,Municipal Corporation of Greater Mumbai,29.629629629629626,0.3
M/s National Project Construction Corporation Limited (NPCCL),Spanco Nagpur Discom Ltd (MSEDCL franchisee),32.786885245901644,0.3
"M/s Krisnaa Diagnostics Pvt. Ltd., Jaipur",Mira Bhayandar Municipal Corporation,35.483870967741936,0.299
BCCI / Mumbai Cricket Association,Maharashtra Krishna Valley Development Corp,27.027027027027028,0.299
Indian Railways,Shree Ram Constructions Pvt Ltd,36.8421052631579,0.299
M/s National Project Construction Corporation Limited (NPCCL),Rail India Technical and Economic Service Limited (RITES),36.58536585365854,0.299
State Bank of India,Western Coalfields Ltd,37.83783783783784,0.299
M/s Huntsman International (I) Pvt. Ltd.,Western Railway,32.432432432432435,0.299
"M/s Krisnaa Diagnostics Pvt. Ltd., Jaipur",Vidarbha Cricket Association,37.03703703703704,0.299
M/s Sharma Infra Projects Pvt. Ltd.,Maharashtra State Power Generation Co Ltd,40.0,0.299
Godavari Marathwada IDC,M/s Garware Wall Ropes Pvt. Ltd,39.02439024390244,0.298
M/s Sharma Infra Projects Pvt. Ltd.,Mira Bhayandar Municipal Corporation,35.08771929824561,0.298
Karnala Mahila Readymade Garment & Vastra Udyog Industrial Co-op Society (purchasers),"M/s Public Works Department, Panaji, Goa",37.62376237623762,0.297
Konkan IDC,M/s Huntsman International (I) Pvt. Ltd.,25.0,0.296
M/s WAPCOS Limited,Spanco Nagpur Discom Ltd (MSEDCL franchisee),30.76923076923077,0.295
M/s Huntsman International (I) Pvt. Ltd.,State Bank of India,39.02439024390244,0.295
M/s Haldia Petrochemicals,Maharashtra State Power Generation Co Ltd,29.09090909090909,0.295
Spanco Nagpur Discom Ltd (MSEDCL franchisee),WAPCOS Ltd,30.76923076923077,0.295
ICICI Bank (attached/sold property),Vidarbha Cricket Association,36.8421052631579,0.295
Rail India Technical and Economic Service Limited (RITES),Reliance Infrastructure,37.5,0.295
M/s WAPCOS Limited (Project Management Consultant),Spanco Nagpur Discom Ltd (MSEDCL franchisee),30.76923076923077,0.295
Rail India Technical and Economic Service Limited (RITES),Reliance Infrastructure Ltd (supplier),37.5,0.295
"M/s Public Works Department, Panaji, Goa",Sharma Infrastructure Projects Private Limited,31.25,0.295
"M/s Krisnaa Diagnostics Pvt. Ltd., Jaipur",Ram Constructions Bihar,40.816326530612244,0.294
M/s Surya Vamsi Shrimp Hatcheries,Sahara Adventure Sports Ltd (IPL franchisee),46.15384615384615,0.294
M/s Sharma Infra Projects Pvt. Ltd.,Uttar Pradesh Development System Corporation Limited (UPDESCO),33.84615384615385,0.293
Uttar Pradesh Development System Corporation Limited (UPDESCO),Vidarbha Cricket Association,36.111111111111114,0.293
Indian Railways,Shree Ram Construction Co.,37.83783783783784,0.293
M/s Gayathri Hatchery-I,Shree Ram Constructions Pvt Ltd,33.333333333333336,0.293
"M/s ECIL (infrastructure, 2005)",M/s Impulse Microelectronics Pvt Ltd,21.42857142857143,0.292
Reliance Infrastructure Ltd (supplier),Vidarbha IDC,28.57142857142857,0.292
M/s Zafza Mumbai Business Park (India) Pvt Ltd,Vidarbha Cricket Association,37.03703703703704,0.292
Reliance Infrastructure,Vidarbha IDC,28.57142857142857,0.292
M/s Embassy One Developers Private Limited,Uttar Pradesh Development System Corporation Limited (UPDESCO),42.42424242424242,0.292
M/s ECIL,M/s Impulse Microelectronics Pvt Ltd,21.42857142857143,0.292
BEST,State Bank of India,26.086956521739136,0.291
Konkan IDC,M/s Impulse Microelectronics Pvt Ltd,23.529411764705888,0.291
Konkan IDC,M/s Haldia Petrochemicals,25.806451612903224,0.291
Konkan IDC,Reliance Infrastructure Ltd (supplier),30.303030303030297,0.29
Konkan IDC,Reliance Infrastructure,30.303030303030297,0.29
M/s Impulse Microelectronics Pvt Ltd,M/s Sharma Infra Projects Pvt. Ltd.,35.55555555555555,0.29
M/s Impulse Microelectronics Pvt Ltd,M/s TCS,22.22222222222222,0.29
Kalyan Dombivli Municipal Corporation,Karnala Mahila Readymade Garment & Vastra Udyog Industrial Co-op Society (purchasers),34.61538461538461,0.29
M/s CRISIL Risk and Infrastructure Solutions Limited,M/s Goa State Infrastructure Development Corporation,50.0,0.29
Maharashtra State Power Generation Co Ltd,S R Constructions,43.13725490196079,0.29
M/s Sharma Infra Projects Pvt. Ltd.,M/s Zafza Mumbai Business Park (India) Pvt Ltd,38.297872340425535,0.289
BCCI / Mumbai Cricket Association,M/s National Project Construction Corporation Limited (NPCCL),38.888888888888886,0.289
Central Railway,MCGM,10.526315789473683,0.288
M/s Punj Lloyd Ltd.,MSEDCL,12.5,0.287
Maharashtra State Power Generation Co Ltd,Thane Municipal Corporation,42.622950819672134,0.287
Indian Railways,Ram Constructions UP,34.285714285714285,0.286
Indian Railways,Thane Municipal Corporation,28.57142857142857,0.286
BCCI / Mumbai Cricket Association,Indian Railways,30.434782608695656,0.285
Kalyan Dombivli Municipal Corporation,"M/s Krisnaa Diagnostics Pvt. Ltd., Jaipur",28.57142857142857,0.285
ICICI Bank (attached/sold property),WAPCOS Ltd,25.0,0.285
Maharashtra State Power Generation Co Ltd,Reliance Infrastructure Ltd (supplier),38.59649122807017,0.285
Maharashtra State Power Generation Co Ltd,Reliance Infrastructure,38.59649122807017,0.285
ICICI Bank (attached/sold property),M/s WAPCOS Limited (Project Management Consultant),25.0,0.285
ICICI Bank (attached/sold property),M/s WAPCOS Limited,25.0,0.285
Karnala Mahila Readymade Garment & Vastra Udyog Industrial Co-op Society (purchasers),Municipal Corporation of Greater Mumbai,32.07547169811321,0.284
Rail India Technical and Economic Service Limited (RITES),Uttar Pradesh Development System Corporation Limited (UPDESCO),37.64705882352941,0.284
ICICI Bank (attached/sold property),MCGM,14.28571428571429,0.284
M/s Impulse Microelectronics Pvt Ltd,Reliance Infrastructure,38.297872340425535,0.283
M/s Huntsman International (I) Pvt. Ltd.,Tapi IDC,26.66666666666667,0.283
M/s ECIL,"M/s TRIF, Kochi",28.57142857142857,0.283
MSEDCL,Western Railway,19.047619047619047,0.283
"M/s ECIL (infrastructure, 2005)","M/s TRIF, Kochi",28.57142857142857,0.283
M/s Garware Wall Ropes Pvt. Ltd,Western Coalfields Ltd,27.77777777777778,0.283
M/s Impulse Microelectronics Pvt Ltd,Reliance Infrastructure Ltd (supplier),38.297872340425535,0.283
Indian Railways,Mira Bhayandar Municipal Corporation,35.29411764705882,0.283
Central Railway,M/s Garware Wall Ropes Pvt. Ltd,36.36363636363637,0.283
Ram Constructions Bihar,Uttar Pradesh Development System Corporation Limited (UPDESCO),32.83582089552238,0.282
M/s Garware Wall Ropes Pvt. Ltd,Vidarbha Cricket Association,30.434782608695656,0.282
Central Railway,M/s Mastek Ltd,9.523809523809524,0.282
Central Railway,"M/s Mastek Ltd (software developer, 2001)",9.523809523809524,0.282
Konkan IDC,MEDA (implementing agency),28.57142857142857,0.282
M/s Embassy One Developers Private Limited,M/s Goa State Infrastructure Development Corporation,37.142857142857146,0.282
M/s CRISIL Risk and Infrastructure Solutions Limited,M/s Sharma Infra Projects Pvt. Ltd.,36.065573770491795,0.282
"M/s Krisnaa Diagnostics Pvt. Ltd., Jaipur","M/s Public Works Department, Panaji, Goa",40.0,0.281
M/s Gayathri Hatchery-I,Maharashtra State Power Generation Co Ltd,41.509433962264154,0.28
"M/s Public Works Department, Panaji, Goa",M/s Sharma Infra Projects Pvt. Ltd.,29.09090909090909,0.28
M/s Haldia Petrochemicals,Tapi IDC,27.586206896551722,0.28
Kalyan Dombivli Municipal Corporation,Vidarbha Cricket Association,36.92307692307693,0.28
M/s Rohan Dyes & Intermediates Ltd.,M/s Sharma Infra Projects Pvt. Ltd.,40.0,0.279
Central Railway,Mira Bhayandar Municipal Corporation,31.372549019607842,0.279
M/s Punj Lloyd Ltd.,M/s WAPCOS Limited (Project Management Consultant),12.5,0.279
Karnala Mahila Readymade Garment & Vastra Udyog Industrial Co-op Society (purchasers),M/s Lulu International Shopping Mall,36.36363636363637,0.279
M/s Punj Lloyd Ltd.,WAPCOS Ltd,12.5,0.279
M/s Punj Lloyd Ltd.,M/s WAPCOS Limited,12.5,0.279
M/s Punj Lloyd Ltd.,"M/s TRIF, Kochi",19.999999999999996,0.279
M/s Jai Laxmi Agro Foods Pvt. Ltd,Sahara Adventure Sports Ltd (IPL franchisee),27.906976744186053,0.279
BEST,Vidarbha IDC,12.5,0.278
BCCI / Mumbai Cricket Association,Thane Municipal Corporation,41.379310344827594,0.278
Karnala Mahila Readymade Garment & Vastra Udyog Industrial Co-op Society (purchasers),Maharashtra State Power Generation Co Ltd,41.584158415841586,0.278
Indian Railways,M/s Goa State Infrastructure Development Corporation,28.57142857142857,0.277
Thane Municipal Corporation,Western Railway,33.333333333333336,0.277
"M/s Public Works Department, Panaji, Goa",Maharashtra Krishna Valley Development Corp,36.36363636363637,0.277
BEST,Konkan IDC,0.0,0.277
Maharashtra State Power Generation Co Ltd,Vidarbha Cricket Association,35.483870967741936,0.277
M/s Punj Lloyd Ltd.,State Bank of India,13.793103448275868,0.276
M/s Haldia Petrochemicals,State Bank of India,35.0,0.276
State Bank of India,Uttar Pradesh Development System Corporation Limited (UPDESCO),28.57142857142857,0.276
M/s Mastek Ltd,State Bank of India,31.999999999999996,0.276
"M/s Mastek Ltd (software developer, 2001)",State Bank of India,31.999999999999996,0.276
Central Railway,Shree Ram Construction Co.,37.83783783783784,0.275
Indian Railways,Sahara Adventure Sports Ltd (IPL franchisee),31.57894736842105,0.275
Central Railway,S R Constructions,37.5,0.275
M/s Haldia Petrochemicals,Maharashtra Krishna Valley Development Corp,28.125,0.275
M/s Gayathri Hatchery-I,Western Railway,35.29411764705882,0.275
Konkan IDC,M/s Mastek Ltd,12.5,0.273
"M/s Mastek Ltd (software developer, 2001)",Western Railway,38.095238095238095,0.273
ICICI Bank (attached/sold property),Municipal Corporation of Greater Mumbai,28.57142857142857,0.273
M/s Mastek Ltd,Western Railway,38.095238095238095,0.273
Indian Railways,M/s TCS,11.111111111111116,0.273
M/s Goa State Infrastructure Development Corporation,"M/s Krisnaa Diagnostics Pvt. Ltd., Jaipur",32.432432432432435,0.273
Rail India Technical and Economic Service Limited (RITES),Tapi IDC,24.489795918367353,0.273
Konkan IDC,"M/s Mastek Ltd (software developer, 2001)",12.5,0.273
M/s Mastek Ltd,"M/s TRIF, Kochi",12.5,0.272
Shree Ram Construction Co.,Western Railway,32.432432432432435,0.272
"M/s Mastek Ltd (software developer, 2001)","M/s TRIF, Kochi",12.5,0.272
M/s CRISIL Risk and Infrastructure Solutions Limited,"M/s Krisnaa Diagnostics Pvt. Ltd., Jaipur",39.39393939393939,0.272
BEST,Western Railway,31.57894736842105,0.272
Konkan IDC,Thane Municipal Corporation,27.027027027027028,0.272
M/s Sharma Infra Projects Pvt. Ltd.,Vidarbha IDC,36.36363636363637,0.271
S R Constructions,Tata Consultancy Services Ltd,47.61904761904761,0.271
Indian Railways,M/s Gayathri Hatchery-I,29.411764705882348,0.271
Shree Ram Constructions Pvt Ltd,Uttar Pradesh Development System Corporation Limited (UPDESCO),38.80597014925373,0.27
Central Railway,MEDA (implementing agency),21.052631578947366,0.27
Konkan IDC,Vidarbha Cricket Association,26.315789473684216,0.27
Maharashtra State Power Generation Co Ltd,Western Coalfields Ltd,34.61538461538461,0.27
Central Railway,M/s Huntsman International (I) Pvt. Ltd.,43.24324324324324,0.269
M/s Huntsman International (I) Pvt. Ltd.,Vidarbha Cricket Association,36.0,0.269
M/s Embassy One Developers Private Limited,Thane Municipal Corporation,36.73469387755102,0.268
S R Constructions,Sahara Adventure Sports Ltd (IPL franchisee),35.0,0.267
ICICI Bank (attached/sold property),M/s Gayathri Hatchery-I,27.586206896551722,0.267
Central Railway,"M/s TRIF, Kochi",31.999999999999996,0.266
M/s Huntsman International (I) Pvt. Ltd.,MSEDCL,21.42857142857143,0.266
Ram Constructions Bihar,Sahara Adventure Sports Ltd (IPL franchisee),34.78260869565217,0.266
MEDA (implementing agency),Mira Bhayandar Municipal Corporation,9.999999999999998,0.266
Shree Ram Construction Co.,Uttar Pradesh Development System Corporation Limited (UPDESCO),39.39393939393939,0.265
M/s Jai Laxmi Agro Foods Pvt. Ltd,"M/s Public Works Department, Panaji, Goa",37.03703703703704,0.265
Reliance Infrastructure,Tata Power,24.242424242424242,0.265
M/s Goa State Infrastructure Development Corporation,Tata Consultancy Services Ltd,41.0958904109589,0.265
M/s Sharma Infra Projects Pvt. Ltd.,Tata Consultancy Services Ltd,39.13043478260869,0.265
Reliance Infrastructure Ltd (supplier),Tata Power,24.242424242424242,0.265
"M/s Krisnaa Diagnostics Pvt. Ltd., Jaipur",M/s Sharma Infra Projects Pvt. Ltd.,38.297872340425535,0.265
M/s Haldia Petrochemicals,Sahara Adventure Sports Ltd (IPL franchisee),36.36363636363637,0.265
ICICI Bank (attached/sold property),M/s Zafza Mumbai Business Park (India) Pvt Ltd,22.22222222222222,0.264
Reliance Infrastructure Ltd (supplier),Tata Consultancy Services Ltd,37.5,0.264
Thane Municipal Corporation,Vidarbha IDC,30.76923076923077,0.264
Maharashtra State Power Generation Co Ltd,Rail India Technical and Economic Service Limited (RITES),37.33333333333333,0.264
Kalyan Dombivli Municipal Corporation,Tata Consultancy Services Ltd,32.25806451612904,0.264
M/s Gayathri Hatchery-I,Vidarbha IDC,25.806451612903224,0.264
Reliance Infrastructure,Tata Consultancy Services Ltd,37.5,0.264
MCGM,Maharashtra State Power Generation Co Ltd,10.526315789473683,0.264
ICICI Bank (attached/sold property),M/s Punj Lloyd Ltd.,9.999999999999998,0.264
M/s Jai Laxmi Agro Foods Pvt. Ltd,Shree Ram Constructions Pvt Ltd,27.906976744186053,0.263
Central Railway,Sharma Infrastructure Projects Private Limited,31.11111111111111,0.263
Municipal Corporation of Greater Mumbai,Uttar Pradesh Development System Corporation Limited (UPDESCO),48.19277108433735,0.263
M/s Lulu International Shopping Mall,State Bank of India,27.450980392156865,0.262
M/s Zafza Mumbai Business Park (India) Pvt Ltd,Thane Municipal Corporation,37.735849056603776,0.262
M/s WAPCOS Limited (Project Management Consultant),MEDA (implementing agency),19.999999999999996,0.261
M/s WAPCOS Limited,MEDA (implementing agency),19.999999999999996,0.261
"M/s TRIF, Kochi",MSEDCL,12.5,0.261
Vidarbha Cricket Association,Western Railway,32.55813953488372,0.261
MEDA (implementing agency),WAPCOS Ltd,19.999999999999996,0.261
M/s CRISIL Risk and Infrastructure Solutions Limited,Maharashtra Krishna Valley Development Corp,31.32530120481928,0.26
Indian Railways,Municipal Corporation of Greater Mumbai,25.92592592592593,0.26
Shree Ram Construction Co.,Vidarbha Cricket Association,40.0,0.26
M/s Garware Wall Ropes Pvt. Ltd,Sharma Infrastructure Projects Private Limited,45.833333333333336,0.26
M/s Jai Laxmi Agro Foods Pvt. Ltd,M/s Zafza Mumbai Business Park (India) Pvt Ltd,26.086956521739136,0.26
M/s Embassy One Developers Private Limited,Ram Constructions Bihar,22.22222222222222,0.26
M/s Haldia Petrochemicals,Rail India Technical and Economic Service Limited (RITES),41.93548387096774,0.259
M/s Haldia Petrochemicals,MSEDCL,22.22222222222222,0.259
Godavari Marathwada IDC,M/s Goa State Infrastructure Development Corporation,30.98591549295775,0.259
Maharashtra Krishna Valley Development Corp,Rail India Technical and Economic Service Limited (RITES),38.095238095238095,0.259
Mira Bhayandar Municipal Corporation,Sharma Infrastructure Projects Private Limited,36.36363636363637,0.259
M/s Sharma Infra Projects Pvt. Ltd.,State Bank of India,40.0,0.258
BCCI / Mumbai Cricket Association,Central Railway,26.086956521739136,0.258
"M/s TRIF, Kochi",Shree Ram Construction Co.,31.25,0.258
Godavari Marathwada IDC,Ram Constructions Bihar,30.434782608695656,0.258
"M/s Mastek Ltd (software developer, 2001)",M/s Punj Lloyd Ltd.,0.0,0.258
MCGM,Mira Bhayandar Municipal Corporation,9.999999999999998,0.258
M/s Rohan Dyes & Intermediates Ltd.,Ram Constructions Bihar,38.297872340425535,0.258
Sharma Infrastructure Projects Private Limited,State Bank of India,32.6530612244898,0.258
M/s Lulu International Shopping Mall,Municipal Corporation of Greater Mumbai,42.25352112676056,0.258
M/s Mastek Ltd,M/s Punj Lloyd Ltd.,0.0,0.258
Kalyan Dombivli Municipal Corporation,Vidarbha IDC,24.489795918367353,0.258
M/s Huntsman International (I) Pvt. Ltd.,M/s National Project Construction Corporation Limited (NPCCL),44.44444444444444,0.258
Ram Constructions Bihar,State Bank of India,38.095238095238095,0.257
"M/s Mastek Ltd (software developer, 2001)",Ram Constructions UP,15.384615384615385,0.257
Godavari Marathwada IDC,Western Coalfields Ltd,29.268292682926834,0.257
Indian Railways,MSEDCL,19.047619047619047,0.257
M/s Mastek Ltd,Ram Constructions UP,15.384615384615385,0.257
S R Constructions,Western Railway,25.0,0.256
M/s Jai Laxmi Agro Foods Pvt. Ltd,Shree Ram Construction Co.,28.57142857142857,0.256
ICICI Bank (attached/sold property),Tata Power,9.999999999999998,0.256
M/s National Project Construction Corporation Limited (NPCCL),Vidarbha Cricket Association,40.57971014492754,0.256
M/s Haldia Petrochemicals,Mira Bhayandar Municipal Corporation,45.614035087719294,0.256
M/s Punj Lloyd Ltd.,Tata Power,19.999999999999996,0.256
"M/s Krisnaa Diagnostics Pvt. Ltd., Jaipur",State Bank of India,31.11111111111111,0.255
Indian Railways,Tata Power,24.0,0.255
"M/s Public Works Department, Panaji, Goa",Tata Power,22.72727272727273,0.255
M/s Goa State Infrastructure Development Corporation,M/s Zafza Mumbai Business Park (India) Pvt Ltd,27.027027027027028,0.255
M/s TCS,Western Railway,11.111111111111116,0.254
Central Railway,M/s Impulse Microelectronics Pvt Ltd,25.64102564102564,0.254
S R Constructions,State Bank of India,33.333333333333336,0.254
Vidarbha IDC,Western Railway,22.22222222222222,0.254
Rail India Technical and Economic Service Limited (RITES),Vidarbha IDC,33.9622641509434,0.254
"M/s TRIF, Kochi",Ram Constructions UP,33.333333333333336,0.254
Maharashtra Krishna Valley Development Corp,State Bank of India,32.25806451612904,0.254
MCGM,S R Constructions,9.523809523809524,0.254
MCGM,Tata Power,0.0,0.253
M/s National Project Construction Corporation Limited (NPCCL),Tata Consultancy Services Ltd,42.42424242424242,0.253
M/s National Project Construction Corporation Limited (NPCCL),Western Railway,25.0,0.253
MCGM,Thane Municipal Corporation,12.903225806451612,0.253
ICICI Bank (attached/sold property),M/s Embassy One Developers Private Limited,18.75,0.253
Sahara Adventure Sports Ltd (IPL franchisee),Western Coalfields Ltd,29.268292682926834,0.253
Godavari Marathwada IDC,M/s Rohan Dyes & Intermediates Ltd.,34.04255319148937,0.253
M/s Huntsman International (I) Pvt. Ltd.,Western Coalfields Ltd,30.000000000000004,0.253
M/s WAPCOS Limited,S R Constructions,26.086956521739136,0.252
"M/s Public Works Department, Panaji, Goa",Maharashtra State Power Generation Co Ltd,38.23529411764706,0.252
M/s Haldia Petrochemicals,Tata Power,25.806451612903224,0.252
M/s Embassy One Developers Private Limited,M/s Huntsman International (I) Pvt. Ltd.,27.27272727272727,0.252
M/s WAPCOS Limited (Project Management Consultant),S R Constructions,26.086956521739136,0.252
M/s Jai Laxmi Agro Foods Pvt. Ltd,Western Coalfields Ltd,26.315789473684216,0.252
Indian Railways,M/s Punj Lloyd Ltd.,16.000000000000004,0.252
S R Constructions,WAPCOS Ltd,26.086956521739136,0.252
"M/s Krisnaa Diagnostics Pvt. Ltd., Jaipur",M/s National Project Construction Corporation Limited (NPCCL),32.83582089552238,0.252
M/s Haldia Petrochemicals,"M/s Public Works Department, Panaji, Goa",29.09090909090909,0.252
M/s Zafza Mumbai Business Park (India) Pvt Ltd,Sahara Adventure Sports Ltd (IPL franchisee),28.57142857142857,0.251
Spanco Nagpur Discom Ltd (MSEDCL franchisee),Vidarbha IDC,37.5,0.251
Godavari Marathwada IDC,M/s Embassy One Developers Private Limited,26.66666666666667,0.251
BCCI / Mumbai Cricket Association,MSEDCL,10.81081081081081,0.251
M/s Garware Wall Ropes Pvt. Ltd,"M/s TRIF, Kochi",14.28571428571429,0.251
Kalyan Dombivli Municipal Corporation,M/s Haldia Petrochemicals,34.48275862068966,0.251
BEST,M/s Huntsman International (I) Pvt. Ltd.,15.384615384615385,0.251
MEDA (implementing agency),State Bank of India,17.391304347826086,0.25
Central Railway,M/s Lulu International Shopping Mall,34.04255319148937,0.25
BEST,"M/s TRIF, Kochi",14.28571428571429,0.25
ICICI Bank (attached/sold property),Ram Constructions Bihar,36.36363636363637,0.25
Karnala Mahila Readymade Garment & Vastra Udyog Industrial Co-op Society (purchasers),M/s National Project Construction Corporation Limited (NPCCL),33.333333333333336,0.249
Reliance Infrastructure Ltd (supplier),Vidarbha Cricket Association,35.29411764705882,0.249
M/s Embassy One Developers Private Limited,Shree Ram Construction Co.,27.27272727272727,0.249
M/s Garware Wall Ropes Pvt. Ltd,S R Constructions,22.857142857142854,0.249
M/s Huntsman International (I) Pvt. Ltd.,M/s Rohan Dyes & Intermediates Ltd.,47.82608695652174,0.249
M/s CRISIL Risk and Infrastructure Solutions Limited,Shree Ram Construction Co.,38.70967741935484,0.249
Reliance Infrastructure,Vidarbha Cricket Association,35.29411764705882,0.249
Central Railway,Vidarbha Cricket Association,27.906976744186053,0.249
"M/s Public Works Department, Panaji, Goa",Uttar Pradesh Development System Corporation Limited (UPDESCO),33.333333333333336,0.248
Mira Bhayandar Municipal Corporation,Tata Consultancy Services Ltd,29.508196721311474,0.248
M/s Jai Laxmi Agro Foods Pvt. Ltd,M/s Sharma Infra Projects Pvt. Ltd.,34.14634146341463,0.248
M/s Huntsman International (I) Pvt. Ltd.,M/s Jai Laxmi Agro Foods Pvt. Ltd,23.809523809523814,0.248
"M/s TRIF, Kochi",Spanco Nagpur Discom Ltd (MSEDCL franchisee),19.999999999999996,0.248
M/s Goa State Infrastructure Development Corporation,Vidarbha Cricket Association,36.8421052631579,0.248
M/s Zafza Mumbai Business Park (India) Pvt Ltd,Rail India Technical and Economic Service Limited (RITES),26.865671641791046,0.248
M/s Sharma Infra Projects Pvt. Ltd.,Rail India Technical and Economic Service Limited (RITES),32.25806451612904,0.248
BCCI / Mumbai Cricket Association,M/s TCS,11.764705882352944,0.247
M/s TCS,State Bank of India,9.090909090909093,0.247
M/s Garware Wall Ropes Pvt. Ltd,WAPCOS Ltd,33.333333333333336,0.247
BEST,M/s Punj Lloyd Ltd.,0.0,0.247
ICICI Bank (attached/sold property),M/s National Project Construction Corporation Limited (NPCCL),19.6078431372549,0.247
M/s Garware Wall Ropes Pvt. Ltd,M/s WAPCOS Limited (Project Management Consultant),33.333333333333336,0.247
"M/s TRIF, Kochi",Shree Ram Constructions Pvt Ltd,30.303030303030297,0.247
M/s Garware Wall Ropes Pvt. Ltd,M/s WAPCOS Limited,33.333333333333336,0.247
S R Constructions,Vidarbha IDC,20.68965517241379,0.247
Central Railway,M/s Sharma Infra Projects Pvt. Ltd.,38.888888888888886,0.247
Godavari Marathwada IDC,M/s Jai Laxmi Agro Foods Pvt. Ltd,32.55813953488372,0.247
Godavari Marathwada IDC,Thane Municipal Corporation,40.0,0.247
MEDA (implementing agency),Vidarbha IDC,25.0,0.247
Konkan IDC,Tata Power,19.999999999999996,0.246
Maharashtra Krishna Valley Development Corp,Western Coalfields Ltd,29.508196721311474,0.246
Godavari Marathwada IDC,WAPCOS Ltd,13.793103448275868,0.246
Godavari Marathwada IDC,M/s WAPCOS Limited (Project Management Consultant),13.793103448275868,0.246
Godavari Marathwada IDC,M/s WAPCOS Limited,13.793103448275868,0.246
M/s Zafza Mumbai Business Park (India) Pvt Ltd,Uttar Pradesh Development System Corporation Limited (UPDESCO),25.71428571428571,0.246
M/s Gayathri Hatchery-I,Ram Constructions UP,30.76923076923077,0.246
Reliance Infrastructure Ltd (supplier),Uttar Pradesh Development System Corporation Limited (UPDESCO),26.865671641791046,0.246
Reliance Infrastructure,Uttar Pradesh Development System Corporation Limited (UPDESCO),26.865671641791046,0.246
M/s Haldia Petrochemicals,Sharma Infrastructure Projects Private Limited,39.21568627450981,0.246
ICICI Bank (attached/sold property),Kalyan Dombivli Municipal Corporation,29.78723404255319,0.245
Tapi IDC,Western Railway,26.086956521739136,0.245
M/s Garware Wall Ropes Pvt. Ltd,M/s Sharma Infra Projects Pvt. Ltd.,46.15384615384615,0.245
ICICI Bank (attached/sold property),M/s Huntsman International (I) Pvt. Ltd.,31.25,0.245
M/s Haldia Petrochemicals,M/s Sharma Infra Projects Pvt. Ltd.,47.61904761904761,0.245
M/s Impulse Microelectronics Pvt Ltd,Municipal Corporation of Greater Mumbai,28.57142857142857,0.245
M/s Punj Lloyd Ltd.,Spanco Nagpur Discom Ltd (MSEDCL franchisee),33.333333333333336,0.245
Tapi IDC,Vidarbha Cricket Association,22.22222222222222,0.244
M/s Huntsman International (I) Pvt. Ltd.,Spanco Nagpur Discom Ltd (MSEDCL franchisee),33.333333333333336,0.244
M/s Sharma Infra Projects Pvt. Ltd.,Western Coalfields Ltd,30.76923076923077,0.244
M/s WAPCOS Limited,Ram Constructions UP,23.076923076923073,0.243
Ram Constructions UP,WAPCOS Ltd,23.076923076923073,0.243
MSEDCL,Western Coalfields Ltd,16.666666666666664,0.243
M/s Impulse Microelectronics Pvt Ltd,Tapi IDC,25.0,0.243
M/s WAPCOS Limited (Project Management Consultant),Ram Constructions UP,23.076923076923073,0.243
Tata Power,Vidarbha IDC,27.27272727272727,0.243
Tata Consultancy Services Ltd,Uttar Pradesh Development System Corporation Limited (UPDESCO),37.68115942028986,0.243
M/s Jai Laxmi Agro Foods Pvt. Ltd,M/s Punj Lloyd Ltd.,26.66666666666667,0.243
M/s Gayathri Hatchery-I,Tata Power,27.586206896551722,0.243
ICICI Bank (attached/sold property),Rail India Technical and Economic Service Limited (RITES),31.372549019607842,0.242
Central Railway,M/s Rohan Dyes & Intermediates Ltd.,41.02564102564102,0.242
Reliance Infrastructure Ltd (supplier),Tapi IDC,25.806451612903224,0.242
M/s Gayathri Hatchery-I,M/s Surya Vamsi Shrimp Hatcheries,45.833333333333336,0.242
M/s Sharma Infra Projects Pvt. Ltd.,M/s Surya Vamsi Shrimp Hatcheries,40.0,0.242
Reliance Infrastructure,Tapi IDC,25.806451612903224,0.242
"M/s Public Works Department, Panaji, Goa",Spanco Nagpur Discom Ltd (MSEDCL franchisee),37.03703703703704,0.241
Maharashtra Krishna Valley Development Corp,Ram Constructions UP,34.92063492063492,0.241
M/s Impulse Microelectronics Pvt Ltd,M/s WAPCOS Limited,26.66666666666667,0.241
Indian Railways,Tata Consultancy Services Ltd,35.0,0.241
M/s Impulse Microelectronics Pvt Ltd,M/s WAPCOS Limited (Project Management Consultant),26.66666666666667,0.241
M/s Impulse Microelectronics Pvt Ltd,WAPCOS Ltd,26.66666666666667,0.241
"M/s Krisnaa Diagnostics Pvt. Ltd., Jaipur",Uttar Pradesh Development System Corporation Limited (UPDESCO),28.57142857142857,0.24
Sahara Adventure Sports Ltd (IPL franchisee),Western Railway,31.57894736842105,0.24
Indian Railways,M/s ECIL,21.052631578947366,0.239
Sharma Infrastructure Projects Private Limited,Western Coalfields Ltd,29.166666666666664,0.239
Indian Railways,"M/s ECIL (infrastructure, 2005)",21.052631578947366,0.239
M/s Surya Vamsi Shrimp Hatcheries,Western Coalfields Ltd,29.78723404255319,0.239
Indian Railways,Spanco Nagpur Discom Ltd (MSEDCL franchisee),28.57142857142857,0.239
Indian Railways,MEDA (implementing agency),21.052631578947366,0.238
MSEDCL,Reliance Infrastructure Ltd (supplier),20.68965517241379,0.238
BEST,Indian Railways,10.526315789473683,0.238
MSEDCL,Reliance Infrastructure,20.68965517241379,0.238
Ram Constructions Bihar,Vidarbha IDC,28.57142857142857,0.238
Konkan IDC,S R Constructions,29.629629629629626,0.238
M/s Punj Lloyd Ltd.,Western Railway,31.999999999999996,0.238
M/s Sharma Infra Projects Pvt. Ltd.,Spanco Nagpur Discom Ltd (MSEDCL franchisee),39.02439024390244,0.237
M/s Impulse Microelectronics Pvt Ltd,Mira Bhayandar Municipal Corporation,30.000000000000004,0.237
Karnala Mahila Readymade Garment & Vastra Udyog Industrial Co-op Society (purchasers),M/s Zafza Mumbai Business Park (India) Pvt Ltd,30.107526881720425,0.237
Godavari Marathwada IDC,Shree Ram Constructions Pvt Ltd,30.434782608695656,0.237
M/s National Project Construction Corporation Limited (NPCCL),Tapi IDC,24.489795918367353,0.237
M/s Punj Lloyd Ltd.,Western Coalfields Ltd,35.71428571428571,0.237
M/s Gayathri Hatchery-I,Tapi IDC,29.629629629629626,0.237
M/s Gayathri Hatchery-I,Vidarbha Cricket Association,38.297872340425535,0.236
Central Railway,Shree Ram Constructions Pvt Ltd,36.8421052631579,0.236
M/s Garware Wall Ropes Pvt. Ltd,M/s Haldia Petrochemicals,41.02564102564102,0.236
M/s Embassy One Developers Private Limited,Shree Ram Constructions Pvt Ltd,31.11111111111111,0.236
Municipal Corporation of Greater Mumbai,Vidarbha IDC,23.529411764705888,0.235
Central Railway,M/s Haldia Petrochemicals,33.333333333333336,0.235
Indian Railways,M/s Zafza Mumbai Business Park (India) Pvt Ltd,34.14634146341463,0.235
M/s Impulse Microelectronics Pvt Ltd,Sharma Infrastructure Projects Private Limited,37.03703703703704,0.235
BEST,S R Constructions,19.047619047619047,0.235
Sahara Adventure Sports Ltd (IPL franchisee),Vidarbha IDC,28.57142857142857,0.235
Karnala Mahila Readymade Garment & Vastra Udyog Industrial Co-op Society (purchasers),Rail India Technical and Economic Service Limited (RITES),38.888888888888886,0.235
Central Railway,Godavari Marathwada IDC,31.57894736842105,0.234
M/s Huntsman International (I) Pvt. Ltd.,"M/s Krisnaa Diagnostics Pvt. Ltd., Jaipur",37.5,0.234
M/s CRISIL Risk and Infrastructure Solutions Limited,Ram Constructions Bihar,44.44444444444444,0.234
Ram Constructions UP,Uttar Pradesh Development System Corporation Limited (UPDESCO),40.625,0.234
M/s Lulu International Shopping Mall,M/s Punj Lloyd Ltd.,23.809523809523814,0.233
M/s TCS,Reliance Infrastructure,15.384615384615385,0.233
M/s TCS,Reliance Infrastructure Ltd (supplier),15.384615384615385,0.233
BCCI / Mumbai Cricket Association,Shree Ram Construction Co.,37.735849056603776,0.233
M/s Jai Laxmi Agro Foods Pvt. Ltd,Ram Constructions Bihar,41.860465116279066,0.233
"M/s Mastek Ltd (software developer, 2001)",Spanco Nagpur Discom Ltd (MSEDCL franchisee),23.076923076923073,0.233
M/s Mastek Ltd,Spanco Nagpur Discom Ltd (MSEDCL franchisee),23.076923076923073,0.233
M/s Lulu International Shopping Mall,M/s Rohan Dyes & Intermediates Ltd.,35.71428571428571,0.233
M/s Haldia Petrochemicals,Tata Consultancy Services Ltd,34.78260869565217,0.233
"M/s Krisnaa Diagnostics Pvt. Ltd., Jaipur",Sahara Adventure Sports Ltd (IPL franchisee),36.73469387755102,0.232
Maharashtra Krishna Valley Development Corp,S R Constructions,33.333333333333336,0.232
Shree Ram Constructions Pvt Ltd,Vidarbha Cricket Association,39.21568627450981,0.232
MCGM,State Bank of India,0.0,0.232
Shree Ram Constructions Pvt Ltd,Western Coalfields Ltd,34.14634146341463,0.232
M/s Jai Laxmi Agro Foods Pvt. Ltd,Sharma Infrastructure Projects Private Limited,31.999999999999996,0.232
M/s Mastek Ltd,S R Constructions,17.391304347826086,0.231
"M/s Public Works Department, Panaji, Goa",Rail India Technical and Economic Service Limited (RITES),31.999999999999996,0.231
M/s Gayathri Hatchery-I,"M/s Krisnaa Diagnostics Pvt. Ltd., Jaipur",35.55555555555555,0.231
M/s ECIL,M/s Lulu International Shopping Mall,16.666666666666664,0.231
M/s Gayathri Hatchery-I,"M/s Public Works Department, Panaji, Goa",26.415094339622648,0.231
"M/s Mastek Ltd (software developer, 2001)",S R Constructions,17.391304347826086,0.231
"M/s ECIL (infrastructure, 2005)",M/s Lulu International Shopping Mall,16.666666666666664,0.231
M/s Gayathri Hatchery-I,Thane Municipal Corporation,34.78260869565217,0.231
MSEDCL,Tata Power,12.5,0.231
M/s Embassy One Developers Private Limited,Sharma Infrastructure Projects Private Limited,26.923076923076927,0.231
Thane Municipal Corporation,Vidarbha Cricket Association,47.27272727272728,0.231
Godavari Marathwada IDC,Shree Ram Construction Co.,31.11111111111111,0.23
M/s TCS,MEDA (implementing agency),0.0,0.23
Shree Ram Constructions Pvt Ltd,Western Railway,31.57894736842105,0.23
Indian Railways,"M/s Krisnaa Diagnostics Pvt. Ltd., Jaipur",39.02439024390244,0.23
Municipal Corporation of Greater Mumbai,Tata Consultancy Services Ltd,31.25,0.23
"M/s Krisnaa Diagnostics Pvt. Ltd., Jaipur",Shree Ram Construction Co.,33.333333333333336,0.23
"M/s Public Works Department, Panaji, Goa",Ram Constructions Bihar,31.57894736842105,0.23
Kalyan Dombivli Municipal Corporation,M/s Embassy One Developers Private Limited,33.89830508474576,0.23
BEST,Thane Municipal Corporation,6.451612903225811,0.23
M/s Huntsman International (I) Pvt. Ltd.,M/s Punj Lloyd Ltd.,12.5,0.229
Godavari Marathwada IDC,M/s Impulse Microelectronics Pvt Ltd,25.531914893617024,0.229
M/s CRISIL Risk and Infrastructure Solutions Limited,Western Coalfields Ltd,31.034482758620683,0.229
M/s Haldia Petrochemicals,M/s Punj Lloyd Ltd.,25.806451612903224,0.229
MSEDCL,Spanco Nagpur Discom Ltd (MSEDCL franchisee),23.076923076923073,0.229
M/s CRISIL Risk and Infrastructure Solutions Limited,Ram Constructions UP,40.0,0.229
M/s Embassy One Developers Private Limited,S R Constructions,25.64102564102564,0.229
Konkan IDC,Rail India Technical and Economic Service Limited (RITES),23.529411764705888,0.228
"M/s TRIF, Kochi",Municipal Corporation of Greater Mumbai,28.57142857142857,0.228
Reliance Infrastructure,Thane Municipal Corporation,36.0,0.228
Reliance Infrastructure Ltd (supplier),Thane Municipal Corporation,36.0,0.228
Indian Railways,M/s Jai Laxmi Agro Foods Pvt. Ltd,34.285714285714285,0.228
M/s Haldia Petrochemicals,MCGM,16.000000000000004,0.228
M/s National Project Construction Corporation Limited (NPCCL),Vidarbha IDC,22.64150943396226,0.228
ICICI Bank (attached/sold property),Western Coalfields Ltd,14.28571428571429,0.227
Konkan IDC,M/s Gayathri Hatchery-I,20.68965517241379,0.227
"M/s Krisnaa Diagnostics Pvt. Ltd., Jaipur",Rail India Technical and Economic Service Limited (RITES),38.80597014925373,0.227
M/s Zafza Mumbai Business Park (India) Pvt Ltd,Maharashtra State Power Generation Co Ltd,33.333333333333336,0.227
Godavari Marathwada IDC,"M/s ECIL (infrastructure, 2005)",7.4074074074074066,0.227
Godavari Marathwada IDC,M/s ECIL,7.4074074074074066,0.227
M/s Embassy One Developers Private Limited,Vidarbha IDC,29.411764705882348,0.227
M/s Rohan Dyes & Intermediates Ltd.,Sahara Adventure Sports Ltd (IPL franchisee),38.297872340425535,0.227
Karnala Mahila Readymade Garment & Vastra Udyog Industrial Co-op Society (purchasers),M/s Jai Laxmi Agro Foods Pvt. Ltd,27.586206896551722,0.227
Central Railway,M/s Gayathri Hatchery-I,29.411764705882348,0.227
Indian Railways,Maharashtra Krishna Valley Development Corp,27.586206896551722,0.226
M/s Garware Wall Ropes Pvt. Ltd,"M/s Public Works Department, Panaji, Goa",30.76923076923077,0.226
M/s Goa State Infrastructure Development Corporation,Western Railway,31.746031746031743,0.226
M/s National Project Construction Corporation Limited (NPCCL),MCGM,4.444444444444439,0.226
Godavari Marathwada IDC,M/s Punj Lloyd Ltd.,18.181818181818176,0.226
Indian Railways,M/s Impulse Microelectronics Pvt Ltd,25.64102564102564,0.226
Mira Bhayandar Municipal Corporation,Tapi IDC,22.72727272727273,0.226
M/s Gayathri Hatchery-I,State Bank of India,31.57894736842105,0.226
Karnala Mahila Readymade Garment & Vastra Udyog Industrial Co-op Society (purchasers),M/s Haldia Petrochemicals,27.27272727272727,0.226
ICICI Bank (attached/sold property),Mira Bhayandar Municipal Corporation,34.78260869565217,0.225
Godavari Marathwada IDC,Ram Constructions UP,27.906976744186053,0.225
"M/s TRIF, Kochi",Western Railway,31.999999999999996,0.225
M/s ECIL,State Bank of India,8.695652173913048,0.225
Ram Constructions Bihar,Western Railway,36.8421052631579,0.225
"M/s ECIL (infrastructure, 2005)",State Bank of India,8.695652173913048,0.225
Sharma Infrastructure Projects Private Limited,Western Railway,26.66666666666667,0.224
MCGM,Ram Constructions UP,16.666666666666664,0.224
M/s Garware Wall Ropes Pvt. Ltd,Tata Consultancy Services Ltd,32.55813953488372,0.224
BCCI / Mumbai Cricket Association,M/s ECIL,11.428571428571432,0.224
BCCI / Mumbai Cricket Association,"M/s ECIL (infrastructure, 2005)",11.428571428571432,0.224
M/s Jai Laxmi Agro Foods Pvt. Ltd,M/s Rohan Dyes & Intermediates Ltd.,27.27272727272727,0.224
Godavari Marathwada IDC,Sahara Adventure Sports Ltd (IPL franchisee),34.78260869565217,0.224
M/s CRISIL Risk and Infrastructure Solutions Limited,Uttar Pradesh Development System Corporation Limited (UPDESCO),30.952380952380953,0.224
M/s Embassy One Developers Private Limited,Reliance Infrastructure Ltd (supplier),31.11111111111111,0.224
M/s Embassy One Developers Private Limited,Reliance Infrastructure,31.11111111111111,0.224
M/s Surya Vamsi Shrimp Hatcheries,Sharma Infrastructure Projects Private Limited,44.067796610169495,0.223
S R Constructions,Tata Power,22.22222222222222,0.223
M/s Mastek Ltd,Municipal Corporation of Greater Mumbai,13.33333333333333,0.223
"M/s Public Works Department, Panaji, Goa",M/s Punj Lloyd Ltd.,22.72727272727273,0.223
Spanco Nagpur Discom Ltd (MSEDCL franchisee),Western Coalfields Ltd,31.57894736842105,0.223
Kalyan Dombivli Municipal Corporation,MCGM,9.756097560975608,0.223
"M/s Mastek Ltd (software developer, 2001)",Municipal Corporation of Greater Mumbai,13.33333333333333,0.223
Godavari Marathwada IDC,MEDA (implementing agency),22.22222222222222,0.223
Maharashtra State Power Generation Co Ltd,Ram Constructions UP,40.74074074074075,0.223
M/s Punj Lloyd Ltd.,Vidarbha IDC,18.181818181818176,0.223
Spanco Nagpur Discom Ltd (MSEDCL franchisee),Western Railway,28.57142857142857,0.223
Godavari Marathwada IDC,"M/s Public Works Department, Panaji, Goa",35.08771929824561,0.223
M/s Haldia Petrochemicals,Thane Municipal Corporation,33.333333333333336,0.222
"M/s Public Works Department, Panaji, Goa",Western Coalfields Ltd,26.923076923076927,0.222
Central Railway,Ram Constructions UP,40.0,0.222
M/s ECIL,Rail India Technical and Economic Service Limited (RITES),17.777777777777782,0.222
M/s Garware Wall Ropes Pvt. Ltd,M/s Huntsman International (I) Pvt. Ltd.,30.000000000000004,0.222
"M/s ECIL (infrastructure, 2005)",Rail India Technical and Economic Service Limited (RITES),17.777777777777782,0.222
Karnala Mahila Readymade Garment & Vastra Udyog Industrial Co-op Society (purchasers),Thane Municipal Corporation,25.531914893617024,0.222
Central Railway,"M/s Public Works Department, Panaji, Goa",36.73469387755102,0.221
Godavari Marathwada IDC,M/s Sharma Infra Projects Pvt. Ltd.,31.818181818181824,0.22
M/s Huntsman International (I) Pvt. Ltd.,MCGM,7.692307692307687,0.22
Indian Railways,"M/s TRIF, Kochi",31.999999999999996,0.22
Kalyan Dombivli Municipal Corporation,Tapi IDC,22.22222222222222,0.22
MSEDCL,Maharashtra Krishna Valley Development Corp,12.244897959183676,0.22
"M/s TRIF, Kochi",Tata Consultancy Services Ltd,28.57142857142857,0.22
M/s Embassy One Developers Private Limited,Municipal Corporation of Greater Mumbai,32.786885245901644,0.22
Godavari Marathwada IDC,Maharashtra Krishna Valley Development Corp,39.39393939393939,0.219
MSEDCL,Maharashtra State Power Generation Co Ltd,15.000000000000002,0.219
Shree Ram Construction Co.,State Bank of India,34.14634146341463,0.219
M/s Embassy One Developers Private Limited,M/s Gayathri Hatchery-I,24.390243902439025,0.219
M/s Punj Lloyd Ltd.,MCGM,0.0,0.218
M/s TCS,Spanco Nagpur Discom Ltd (MSEDCL franchisee),17.391304347826086,0.218
Godavari Marathwada IDC,Municipal Corporation of Greater Mumbai,29.032258064516125,0.218
M/s Sharma Infra Projects Pvt. Ltd.,Western Railway,33.333333333333336,0.218
M/s Mastek Ltd,Thane Municipal Corporation,24.242424242424242,0.217
"M/s Mastek Ltd (software developer, 2001)",Thane Municipal Corporation,24.242424242424242,0.217
"M/s Krisnaa Diagnostics Pvt. Ltd., Jaipur",Maharashtra State Power Generation Co Ltd,36.66666666666667,0.217
M/s Goa State Infrastructure Development Corporation,M/s Haldia Petrochemicals,28.985507246376805,0.217
Konkan IDC,M/s National Project Construction Corporation Limited (NPCCL),23.529411764705888,0.217
M/s TCS,Rail India Technical and Economic Service Limited (RITES),9.090909090909093,0.217
M/s Embassy One Developers Private Limited,M/s Zafza Mumbai Business Park (India) Pvt Ltd,29.166666666666664,0.217
M/s Lulu International Shopping Mall,MSEDCL,10.526315789473683,0.216
"M/s Krisnaa Diagnostics Pvt. Ltd., Jaipur",Shree Ram Constructions Pvt Ltd,36.73469387755102,0.216
M/s WAPCOS Limited (Project Management Consultant),Vidarbha Cricket Association,17.647058823529417,0.216
M/s WAPCOS Limited,Vidarbha Cricket Association,17.647058823529417,0.216
Rail India Technical and Economic Service Limited (RITES),Sahara Adventure Sports Ltd (IPL franchisee),37.5,0.216
Vidarbha Cricket Association,WAPCOS Ltd,17.647058823529417,0.216
Rail India Technical and Economic Service Limited (RITES),Vidarbha Cricket Association,40.57971014492754,0.215
M/s Embassy One Developers Private Limited,Spanco Nagpur Discom Ltd (MSEDCL franchisee),33.333333333333336,0.215
Godavari Marathwada IDC,M/s National Project Construction Corporation Limited (NPCCL),31.25,0.215
Central Railway,Ram Constructions Bihar,36.8421052631579,0.215
"M/s Mastek Ltd (software developer, 2001)",Western Coalfields Ltd,33.333333333333336,0.214
Konkan IDC,Ram Constructions UP,26.66666666666667,0.214
ICICI Bank (attached/sold property),M/s CRISIL Risk and Infrastructure Solutions Limited,28.000000000000004,0.214
Reliance Infrastructure Ltd (supplier),Western Coalfields Ltd,29.268292682926834,0.214
Sahara Adventure Sports Ltd (IPL franchisee),Tata Consultancy Services Ltd,29.166666666666664,0.214
M/s Mastek Ltd,Western Coalfields Ltd,33.333333333333336,0.214
M/s Goa State Infrastructure Development Corporation,Vidarbha IDC,23.33333333333333,0.214
M/s Jai Laxmi Agro Foods Pvt. Ltd,Maharashtra Krishna Valley Development Corp,25.396825396825395,0.214
Konkan IDC,"M/s Krisnaa Diagnostics Pvt. Ltd., Jaipur",33.333333333333336,0.214
M/s Goa State Infrastructure Development Corporation,Tata Power,27.586206896551722,0.214
M/s Impulse Microelectronics Pvt Ltd,"M/s TRIF, Kochi",29.411764705882348,0.214
Reliance Infrastructure,Western Coalfields Ltd,29.268292682926834,0.214
BCCI / Mumbai Cricket Association,Shree Ram Constructions Pvt Ltd,37.03703703703704,0.213
ICICI Bank (attached/sold property),M/s Impulse Microelectronics Pvt Ltd,29.411764705882348,0.213
S R Constructions,Tapi IDC,24.0,0.213
M/s Gayathri Hatchery-I,S R Constructions,33.333333333333336,0.213
M/s CRISIL Risk and Infrastructure Solutions Limited,Tata Consultancy Services Ltd,33.84615384615385,0.213
State Bank of India,Tata Consultancy Services Ltd,36.36363636363637,0.213
Maharashtra Krishna Valley Development Corp,Western Railway,24.13793103448276,0.213
Ram Constructions UP,Tata Power,26.66666666666667,0.212
M/s WAPCOS Limited,Western Railway,28.57142857142857,0.212
M/s WAPCOS Limited (Project Management Consultant),Western Railway,28.57142857142857,0.212
WAPCOS Ltd,Western Railway,28.57142857142857,0.212
S R Constructions,Western Coalfields Ltd,34.285714285714285,0.212
M/s Jai Laxmi Agro Foods Pvt. Ltd,"M/s Krisnaa Diagnostics Pvt. Ltd., Jaipur",43.47826086956522,0.211
BCCI / Mumbai Cricket Association,Rail India Technical and Economic Service Limited (RITES),38.888888888888886,0.211
Kalyan Dombivli Municipal Corporation,Ram Constructions Bihar,33.333333333333336,0.211
"M/s Krisnaa Diagnostics Pvt. Ltd., Jaipur",Sharma Infrastructure Projects Private Limited,42.85714285714286,0.21
"M/s TRIF, Kochi",Ram Constructions Bihar,30.303030303030297,0.21
Municipal Corporation of Greater Mumbai,Tata Power,28.57142857142857,0.21
Kalyan Dombivli Municipal Corporation,M/s ECIL,14.634146341463417,0.21
M/s Garware Wall Ropes Pvt. Ltd,Mira Bhayandar Municipal Corporation,33.333333333333336,0.21
Indian Railways,Kalyan Dombivli Municipal Corporation,34.61538461538461,0.21
Kalyan Dombivli Municipal Corporation,"M/s ECIL (infrastructure, 2005)",14.634146341463417,0.21
Maharashtra Krishna Valley Development Corp,Thane Municipal Corporation,40.0,0.21
BCCI / Mumbai Cricket Association,M/s Goa State Infrastructure Development Corporation,32.91139240506329,0.209
M/s Surya Vamsi Shrimp Hatcheries,Vidarbha Cricket Association,35.08771929824561,0.209
Konkan IDC,Mira Bhayandar Municipal Corporation,26.086956521739136,0.209
Tata Consultancy Services Ltd,WAPCOS Ltd,19.354838709677423,0.209
M/s WAPCOS Limited (Project Management Consultant),Tata Consultancy Services Ltd,19.354838709677423,0.209
M/s Gayathri Hatchery-I,M/s Sharma Infra Projects Pvt. Ltd.,30.000000000000004,0.209
M/s WAPCOS Limited,Tata Consultancy Services Ltd,19.354838709677423,0.209
M/s Jai Laxmi Agro Foods Pvt. Ltd,Maharashtra State Power Generation Co Ltd,29.629629629629626,0.208
M/s National Project Construction Corporation Limited (NPCCL),M/s TCS,9.090909090909093,0.208
M/s Garware Wall Ropes Pvt. Ltd,"M/s Krisnaa Diagnostics Pvt. Ltd., Jaipur",31.818181818181824,0.208
Kalyan Dombivli Municipal Corporation,M/s Garware Wall Ropes Pvt. Ltd,29.09090909090909,0.208
"M/s ECIL (infrastructure, 2005)",Tata Power,14.28571428571429,0.208
M/s Goa State Infrastructure Development Corporation,Spanco Nagpur Discom Ltd (MSEDCL franchisee),32.35294117647059,0.208
"M/s Public Works Department, Panaji, Goa",M/s Surya Vamsi Shrimp Hatcheries,28.57142857142857,0.208
M/s ECIL,Tata Power,14.28571428571429,0.208
Karnala Mahila Readymade Garment & Vastra Udyog Industrial Co-op Society (purchasers),M/s Sharma Infra Projects Pvt. Ltd.,31.818181818181824,0.208
M/s Haldia Petrochemicals,Shree Ram Constructions Pvt Ltd,27.27272727272727,0.208
Shree Ram Construction Co.,Western Coalfields Ltd,30.000000000000004,0.208
Municipal Corporation of Greater Mumbai,Western Railway,33.333333333333336,0.207
Thane Municipal Corporation,Western Coalfields Ltd,35.55555555555555,0.207
Kalyan Dombivli Municipal Corporation,Uttar Pradesh Development System Corporation Limited (UPDESCO),51.85185185185186,0.207
Central Railway,Sahara Adventure Sports Ltd (IPL franchisee),36.8421052631579,0.207
Central Railway,Kalyan Dombivli Municipal Corporation,30.76923076923077,0.207
M/s Haldia Petrochemicals,"M/s Krisnaa Diagnostics Pvt. Ltd., Jaipur",34.04255319148937,0.207
Kalyan Dombivli Municipal Corporation,"M/s TRIF, Kochi",17.021276595744684,0.207
BEST,Municipal Corporation of Greater Mumbai,9.302325581395355,0.206
Indian Railways,"M/s Public Works Department, Panaji, Goa",36.73469387755102,0.206
M/s Haldia Petrochemicals,M/s TCS,25.0,0.206
M/s Embassy One Developers Private Limited,"M/s Public Works Department, Panaji, Goa",32.14285714285714,0.206
Tata Consultancy Services Ltd,Vidarbha IDC,32.432432432432435,0.206
M/s CRISIL Risk and Infrastructure Solutions Limited,MSEDCL,13.043478260869568,0.206
M/s Gayathri Hatchery-I,Sharma Infrastructure Projects Private Limited,28.57142857142857,0.206
M/s Embassy One Developers Private Limited,Maharashtra Krishna Valley Development Corp,49.23076923076923,0.206
M/s Lulu International Shopping Mall,M/s National Project Construction Corporation Limited (NPCCL),38.35616438356164,0.206
M/s Surya Vamsi Shrimp Hatcheries,Ram Constructions UP,36.73469387755102,0.206
M/s Zafza Mumbai Business Park (India) Pvt Ltd,Spanco Nagpur Discom Ltd (MSEDCL franchisee),34.78260869565217,0.205
"M/s TRIF, Kochi",M/s Zafza Mumbai Business Park (India) Pvt Ltd,22.22222222222222,0.205
Maharashtra Krishna Valley Development Corp,Tata Consultancy Services Ltd,35.29411764705882,0.205
BCCI / Mumbai Cricket Association,M/s Huntsman International (I) Pvt. Ltd.,30.188679245283023,0.205
Indian Railways,Uttar Pradesh Development System Corporation Limited (UPDESCO),30.508474576271183,0.204
M/s Garware Wall Ropes Pvt. Ltd,M/s Jai Laxmi Agro Foods Pvt. Ltd,42.10526315789473,0.204
M/s Garware Wall Ropes Pvt. Ltd,Spanco Nagpur Discom Ltd (MSEDCL franchisee),26.315789473684216,0.204
M/s Lulu International Shopping Mall,Sahara Adventure Sports Ltd (IPL franchisee),32.72727272727273,0.204
M/s Gayathri Hatchery-I,Mira Bhayandar Municipal Corporation,36.36363636363637,0.204
Indian Railways,MCGM,0.0,0.204
Rail India Technical and Economic Service Limited (RITES),Spanco Nagpur Discom Ltd (MSEDCL franchisee),39.34426229508197,0.203
Ram Constructions Bihar,Western Coalfields Ltd,29.268292682926834,0.203
Uttar Pradesh Development System Corporation Limited (UPDESCO),Western Railway,33.89830508474576,0.203
Spanco Nagpur Discom Ltd (MSEDCL franchisee),Tapi IDC,35.71428571428571,0.203
"M/s Krisnaa Diagnostics Pvt. Ltd., Jaipur",M/s Rohan Dyes & Intermediates Ltd.,36.0,0.203
BCCI / Mumbai Cricket Association,BEST,17.14285714285714,0.203
BEST,Vidarbha Cricket Association,12.5,0.203
Kalyan Dombivli Municipal Corporation,Spanco Nagpur Discom Ltd (MSEDCL franchisee),28.07017543859649,0.203
Kalyan Dombivli Municipal Corporation,M/s Surya Vamsi Shrimp Hatcheries,33.333333333333336,0.203
M/s Impulse Microelectronics Pvt Ltd,S R Constructions,34.14634146341463,0.202
Godavari Marathwada IDC,Western Railway,21.052631578947366,0.202
BCCI / Mumbai Cricket Association,"M/s Krisnaa Diagnostics Pvt. Ltd., Jaipur",35.08771929824561,0.202
Tata Consultancy Services Ltd,Vidarbha Cricket Association,41.509433962264154,0.202
"M/s TRIF, Kochi",Western Coalfields Ltd,35.71428571428571,0.202
S R Constructions,Thane Municipal Corporation,40.90909090909091,0.202
Tata Power,Western Coalfields Ltd,28.57142857142857,0.202
M/s Jai Laxmi Agro Foods Pvt. Ltd,Western Railway,28.57142857142857,0.202
M/s WAPCOS Limited (Project Management Consultant),Western Coalfields Ltd,25.0,0.201
Tapi IDC,Tata Consultancy Services Ltd,30.303030303030297,0.201
Karnala Mahila Readymade Garment & Vastra Udyog Industrial Co-op Society (purchasers),M/s Surya Vamsi Shrimp Hatcheries,35.416666666666664,0.201
Mira Bhayandar Municipal Corporation,Tata Power,26.086956521739136,0.201
M/s Rohan Dyes & Intermediates Ltd.,Shree Ram Constructions Pvt Ltd,34.04255319148937,0.201
BCCI / Mumbai Cricket Association,M/s Lulu International Shopping Mall,34.92063492063492,0.201
M/s Embassy One Developers Private Limited,Mira Bhayandar Municipal Corporation,31.034482758620683,0.201
M/s WAPCOS Limited,Western Coalfields Ltd,25.0,0.201
M/s Zafza Mumbai Business Park (India) Pvt Ltd,Tata Consultancy Services Ltd,35.29411764705882,0.201
Kalyan Dombivli Municipal Corporation,Western Coalfields Ltd,29.09090909090909,0.201
WAPCOS Ltd,Western Coalfields Ltd,25.0,0.201
M/s ECIL,Thane Municipal Corporation,19.354838709677423,0.2
M/s Embassy One Developers Private Limited,Tata Consultancy Services Ltd,25.531914893617024,0.2
Shree Ram Constructions Pvt Ltd,State Bank of India,33.333333333333336,0.2
Ram Constructions Bihar,Tata Consultancy Services Ltd,41.666666666666664,0.2
M/s Rohan Dyes & Intermediates Ltd.,Sharma Infrastructure Projects Private Limited,40.74074074074075,0.2
"M/s ECIL (infrastructure, 2005)",Thane Municipal Corporation,19.354838709677423,0.2
BCCI / Mumbai Cricket Association,M/s Surya Vamsi Shrimp Hatcheries,36.66666666666667,0.2
Ram Constructions UP,Western Railway,22.857142857142854,0.199
Shree Ram Construction Co.,Spanco Nagpur Discom Ltd (MSEDCL franchisee),33.333333333333336,0.199
"M/s ECIL (infrastructure, 2005)",Vidarbha Cricket Association,12.5,0.199
M/s ECIL,Vidarbha Cricket Association,12.5,0.199
Kalyan Dombivli Municipal Corporation,M/s TCS,9.999999999999998,0.199
M/s Huntsman International (I) Pvt. Ltd.,Maharashtra State Power Generation Co Ltd,32.14285714285714,0.199
Central Railway,M/s Punj Lloyd Ltd.,24.0,0.198
M/s Gayathri Hatchery-I,M/s Punj Lloyd Ltd.,13.793103448275868,0.198
"M/s Public Works Department, Panaji, Goa",Western Railway,28.57142857142857,0.198
M/s Huntsman International (I) Pvt. Ltd.,M/s Sharma Infra Projects Pvt. Ltd.,27.906976744186053,0.198
Indian Railways,M/s Mastek Ltd,19.047619047619047,0.198
Indian Railways,"M/s Mastek Ltd (software developer, 2001)",19.047619047619047,0.198
Indian Railways,M/s CRISIL Risk and Infrastructure Solutions Limited,32.72727272727273,0.198
MCGM,Maharashtra Krishna Valley Development Corp,8.510638297872342,0.198
Mira Bhayandar Municipal Corporation,Shree Ram Construction Co.,37.93103448275862,0.197
Karnala Mahila Readymade Garment & Vastra Udyog Industrial Co-op Society (purchasers),M/s Garware Wall Ropes Pvt. Ltd,28.235294117647058,0.197
M/s Jai Laxmi Agro Foods Pvt. Ltd,Uttar Pradesh Development System Corporation Limited (UPDESCO),28.125,0.197
S R Constructions,Uttar Pradesh Development System Corporation Limited (UPDESCO),36.065573770491795,0.197
M/s Garware Wall Ropes Pvt. Ltd,State Bank of India,32.432432432432435,0.197
M/s Impulse Microelectronics Pvt Ltd,Tata Power,23.529411764705888,0.196
Tata Consultancy Services Ltd,Western Coalfields Ltd,37.2093023255814,0.196
Tata Consultancy Services Ltd,Western Railway,35.0,0.196
Ram Constructions UP,Thane Municipal Corporation,46.808510638297875,0.195
M/s Haldia Petrochemicals,M/s Impulse Microelectronics Pvt Ltd,40.0,0.195
Maharashtra Krishna Valley Development Corp,Vidarbha IDC,29.09090909090909,0.195
"M/s Krisnaa Diagnostics Pvt. Ltd., Jaipur",Municipal Corporation of Greater Mumbai,30.76923076923077,0.195
M/s Goa State Infrastructure Development Corporation,Western Coalfields Ltd,33.333333333333336,0.195
M/s Rohan Dyes & Intermediates Ltd.,Western Coalfields Ltd,38.095238095238095,0.195
Konkan IDC,Western Railway,24.0,0.195
Municipal Corporation of Greater Mumbai,Tapi IDC,21.276595744680847,0.194
Indian Railways,WAPCOS Ltd,28.57142857142857,0.194
Indian Railways,M/s WAPCOS Limited (Project Management Consultant),28.57142857142857,0.194
"M/s ECIL (infrastructure, 2005)",M/s Haldia Petrochemicals,31.999999999999996,0.194
M/s ECIL,M/s Punj Lloyd Ltd.,14.28571428571429,0.194
"M/s ECIL (infrastructure, 2005)",M/s Punj Lloyd Ltd.,14.28571428571429,0.194
M/s ECIL,M/s Haldia Petrochemicals,31.999999999999996,0.194
"M/s Mastek Ltd (software developer, 2001)",Tata Consultancy Services Ltd,19.354838709677423,0.194
Indian Railways,M/s WAPCOS Limited,28.57142857142857,0.194
M/s Mastek Ltd,Tata Consultancy Services Ltd,19.354838709677423,0.194
ICICI Bank (attached/sold property),M/s Lulu International Shopping Mall,19.047619047619047,0.194
BCCI / Mumbai Cricket Association,Karnala Mahila Readymade Garment & Vastra Udyog Industrial Co-op Society (purchasers),30.612244897959183,0.193
Rail India Technical and Economic Service Limited (RITES),Western Coalfields Ltd,33.89830508474576,0.193
Kalyan Dombivli Municipal Corporation,Konkan IDC,25.531914893617024,0.193
M/s Zafza Mumbai Business Park (India) Pvt Ltd,Shree Ram Construction Co.,29.166666666666664,0.193
M/s TCS,Ram Constructions UP,26.086956521739136,0.193
M/s Surya Vamsi Shrimp Hatcheries,M/s WAPCOS Limited,17.14285714285714,0.193
M/s Surya Vamsi Shrimp Hatcheries,M/s WAPCOS Limited (Project Management Consultant),17.14285714285714,0.193
"M/s ECIL (infrastructure, 2005)",Spanco Nagpur Discom Ltd (MSEDCL franchisee),8.333333333333337,0.193
M/s ECIL,Spanco Nagpur Discom Ltd (MSEDCL franchisee),8.333333333333337,0.193
M/s Rohan Dyes & Intermediates Ltd.,Mira Bhayandar Municipal Corporation,30.000000000000004,0.193
M/s Surya Vamsi Shrimp Hatcheries,Uttar Pradesh Development System Corporation Limited (UPDESCO),32.87671232876712,0.193
M/s Surya Vamsi Shrimp Hatcheries,WAPCOS Ltd,17.14285714285714,0.193
M/s Haldia Petrochemicals,Ram Constructions Bihar,36.36363636363637,0.193
Central Railway,Tata Consultancy Services Ltd,40.0,0.193
M/s Haldia Petrochemicals,Western Railway,38.888888888888886,0.192
Indian Railways,M/s Lulu International Shopping Mall,34.04255319148937,0.192
M/s Impulse Microelectronics Pvt Ltd,Thane Municipal Corporation,31.372549019607842,0.192
M/s Gayathri Hatchery-I,Maharashtra Krishna Valley Development Corp,29.032258064516125,0.192
MSEDCL,Municipal Corporation of Greater Mumbai,13.33333333333333,0.192
M/s Impulse Microelectronics Pvt Ltd,M/s National Project Construction Corporation Limited (NPCCL),30.76923076923077,0.192
Tata Power,Uttar Pradesh Development System Corporation Limited (UPDESCO),29.629629629629626,0.191
BCCI / Mumbai Cricket Association,Uttar Pradesh Development System Corporation Limited (UPDESCO),37.33333333333333,0.191
M/s Jai Laxmi Agro Foods Pvt. Ltd,M/s Lulu International Shopping Mall,26.923076923076927,0.191
M/s Embassy One Developers Private Limited,M/s Sharma Infra Projects Pvt. Ltd.,27.906976744186053,0.191
BEST,Mira Bhayandar Municipal Corporation,9.999999999999998,0.19
MCGM,Spanco Nagpur Discom Ltd (MSEDCL franchisee),16.666666666666664,0.19
Ram Constructions Bihar,Thane Municipal Corporation,36.0,0.19
Municipal Corporation of Greater Mumbai,Ram Constructions UP,47.45762711864406,0.19
BEST,Western Coalfields Ltd,27.27272727272727,0.19
Godavari Marathwada IDC,Uttar Pradesh Development System Corporation Limited (UPDESCO),29.850746268656714,0.19
Municipal Corporation of Greater Mumbai,Sharma Infrastructure Projects Private Limited,31.88405797101449,0.19
Maharashtra State Power Generation Co Ltd,Tata Consultancy Services Ltd,40.67796610169492,0.19
"M/s Mastek Ltd (software developer, 2001)",Maharashtra State Power Generation Co Ltd,25.0,0.189
M/s Mastek Ltd,Maharashtra State Power Generation Co Ltd,25.0,0.189
BCCI / Mumbai Cricket Association,Maharashtra State Power Generation Co Ltd,30.76923076923077,0.189
M/s Mastek Ltd,Shree Ram Construction Co.,21.42857142857143,0.188
"M/s Mastek Ltd (software developer, 2001)",Shree Ram Construction Co.,21.42857142857143,0.188
Uttar Pradesh Development System Corporation Limited (UPDESCO),Vidarbha IDC,21.42857142857143,0.188
Sahara Adventure Sports Ltd (IPL franchisee),Uttar Pradesh Development System Corporation Limited (UPDESCO),38.80597014925373,0.188
M/s Garware Wall Ropes Pvt. Ltd,M/s Goa State Infrastructure Development Corporation,27.27272727272727,0.188
Central Railway,M/s Goa State Infrastructure Development Corporation,28.57142857142857,0.188
M/s Embassy One Developers Private Limited,Western Coalfields Ltd,35.0,0.188
M/s Garware Wall Ropes Pvt. Ltd,M/s National Project Construction Corporation Limited (NPCCL),23.728813559322038,0.187
M/s Gayathri Hatchery-I,Reliance Infrastructure,33.333333333333336,0.187
M/s Garware Wall Ropes Pvt. Ltd,Sahara Adventure Sports Ltd (IPL franchisee),34.14634146341463,0.187
M/s Lulu International Shopping Mall,M/s Sharma Infra Projects Pvt. Ltd.,30.188679245283023,0.187
M/s Gayathri Hatchery-I,Reliance Infrastructure Ltd (supplier),33.333333333333336,0.187
M/s Rohan Dyes & Intermediates Ltd.,Tata Consultancy Services Ltd,36.73469387755102,0.187
Sahara Adventure Sports Ltd (IPL franchisee),Spanco Nagpur Discom Ltd (MSEDCL franchisee),37.2093023255814,0.187
Ram Constructions Bihar,Tata Power,30.303030303030297,0.187
Ram Constructions UP,Sahara Adventure Sports Ltd (IPL franchisee),37.2093023255814,0.187
M/s Zafza Mumbai Business Park (India) Pvt Ltd,Vidarbha IDC,31.57894736842105,0.187
Karnala Mahila Readymade Garment & Vastra Udyog Industrial Co-op Society (purchasers),Vidarbha IDC,20.253164556962023,0.186
ICICI Bank (attached/sold property),MEDA (implementing agency),14.28571428571429,0.186
Rail India Technical and Economic Service Limited (RITES),Thane Municipal Corporation,38.23529411764706,0.186
"M/s Krisnaa Diagnostics Pvt. Ltd., Jaipur",Thane Municipal Corporation,30.188679245283023,0.186
MCGM,Vidarbha Cricket Association,6.25,0.186
Indian Railways,Karnala Mahila Readymade Garment & Vastra Udyog Industrial Co-op Society (purchasers),31.707317073170728,0.185
MCGM,Western Railway,0.0,0.185
Ram Constructions UP,Vidarbha IDC,25.0,0.185
M/s Haldia Petrochemicals,WAPCOS Ltd,29.629629629629626,0.185
M/s Haldia Petrochemicals,M/s WAPCOS Limited,29.629629629629626,0.185
M/s Haldia Petrochemicals,M/s WAPCOS Limited (Project Management Consultant),29.629629629629626,0.185
MSEDCL,Thane Municipal Corporation,18.181818181818176,0.185
Karnala Mahila Readymade Garment & Vastra Udyog Industrial Co-op Society (purchasers),Ram Constructions Bihar,28.888888888888886,0.184
Konkan IDC,M/s Sharma Infra Projects Pvt. Ltd.,25.806451612903224,0.184
M/s CRISIL Risk and Infrastructure Solutions Limited,State Bank of India,37.28813559322034,0.184
Municipal Corporation of Greater Mumbai,Shree Ram Construction Co.,39.34426229508197,0.184
ICICI Bank (attached/sold property),"M/s Krisnaa Diagnostics Pvt. Ltd., Jaipur",33.333333333333336,0.184
M/s National Project Construction Corporation Limited (NPCCL),M/s Zafza Mumbai Business Park (India) Pvt Ltd,29.850746268656714,0.184
M/s Rohan Dyes & Intermediates Ltd.,Spanco Nagpur Discom Ltd (MSEDCL franchisee),36.36363636363637,0.184
Rail India Technical and Economic Service Limited (RITES),S R Constructions,34.48275862068966,0.183
Godavari Marathwada IDC,Maharashtra State Power Generation Co Ltd,38.59649122807017,0.183
Sahara Adventure Sports Ltd (IPL franchisee),Tata Power,30.303030303030297,0.183
Ram Constructions UP,Tata Consultancy Services Ltd,44.44444444444444,0.183
ICICI Bank (attached/sold property),Shree Ram Construction Co.,18.75,0.183
M/s Haldia Petrochemicals,M/s Zafza Mumbai Business Park (India) Pvt Ltd,25.531914893617024,0.183
M/s Mastek Ltd,Vidarbha IDC,11.111111111111116,0.183
M/s Surya Vamsi Shrimp Hatcheries,Tata Consultancy Services Ltd,37.03703703703704,0.183
M/s Jai Laxmi Agro Foods Pvt. Ltd,Tata Power,26.66666666666667,0.183
"M/s Mastek Ltd (software developer, 2001)",Vidarbha IDC,11.111111111111116,0.183
M/s Huntsman International (I) Pvt. Ltd.,M/s Mastek Ltd,28.57142857142857,0.182
M/s Huntsman International (I) Pvt. Ltd.,"M/s Mastek Ltd (software developer, 2001)",28.57142857142857,0.182
Kalyan Dombivli Municipal Corporation,M/s Gayathri Hatchery-I,28.57142857142857,0.182
Mira Bhayandar Municipal Corporation,Sahara Adventure Sports Ltd (IPL franchisee),30.508474576271183,0.182
Shree Ram Construction Co.,Vidarbha IDC,23.529411764705888,0.181
MEDA (implementing agency),Maharashtra State Power Generation Co Ltd,15.789473684210531,0.181
"M/s Krisnaa Diagnostics Pvt. Ltd., Jaipur",M/s Surya Vamsi Shrimp Hatcheries,40.0,0.181
"M/s Krisnaa Diagnostics Pvt. Ltd., Jaipur",Reliance Infrastructure,44.89795918367348,0.181
M/s Impulse Microelectronics Pvt Ltd,Rail India Technical and Economic Service Limited (RITES),36.92307692307693,0.181
M/s Zafza Mumbai Business Park (India) Pvt Ltd,Tata Power,27.77777777777778,0.181
"M/s Krisnaa Diagnostics Pvt. Ltd., Jaipur",Reliance Infrastructure Ltd (supplier),44.89795918367348,0.181
M/s Haldia Petrochemicals,Shree Ram Construction Co.,27.906976744186053,0.181
Sahara Adventure Sports Ltd (IPL franchisee),State Bank of India,33.333333333333336,0.181
M/s TCS,Western Coalfields Ltd,19.047619047619047,0.181
"M/s Krisnaa Diagnostics Pvt. Ltd., Jaipur",S R Constructions,41.860465116279066,0.18
M/s Surya Vamsi Shrimp Hatcheries,S R Constructions,34.78260869565217,0.18
M/s Gayathri Hatchery-I,Municipal Corporation of Greater Mumbai,34.48275862068966,0.18
BCCI / Mumbai Cricket Association,M/s Impulse Microelectronics Pvt Ltd,29.09090909090909,0.18
M/s Punj Lloyd Ltd.,Thane Municipal Corporation,21.62162162162162,0.18
M/s Haldia Petrochemicals,Vidarbha Cricket Association,36.73469387755102,0.18
M/s Impulse Microelectronics Pvt Ltd,Western Railway,35.89743589743589,0.179
M/s Goa State Infrastructure Development Corporation,M/s Jai Laxmi Agro Foods Pvt. Ltd,26.470588235294112,0.179
Central Railway,M/s Zafza Mumbai Business Park (India) Pvt Ltd,29.268292682926834,0.179
M/s Huntsman International (I) Pvt. Ltd.,Shree Ram Construction Co.,40.90909090909091,0.179
M/s Gayathri Hatchery-I,"M/s Mastek Ltd (software developer, 2001)",24.0,0.179
Kalyan Dombivli Municipal Corporation,Maharashtra State Power Generation Co Ltd,36.61971830985915,0.179
M/s Rohan Dyes & Intermediates Ltd.,Maharashtra Krishna Valley Development Corp,32.83582089552238,0.179
M/s Gayathri Hatchery-I,M/s Mastek Ltd,24.0,0.179
Konkan IDC,M/s Embassy One Developers Private Limited,25.0,0.179
Godavari Marathwada IDC,Rail India Technical and Economic Service Limited (RITES),37.5,0.178
"M/s Public Works Department, Panaji, Goa",Sahara Adventure Sports Ltd (IPL franchisee),45.614035087719294,0.178
Mira Bhayandar Municipal Corporation,Shree Ram Constructions Pvt Ltd,37.28813559322034,0.178
Rail India Technical and Economic Service Limited (RITES),Shree Ram Construction Co.,44.44444444444444,0.178
M/s Garware Wall Ropes Pvt. Ltd,"M/s Mastek Ltd (software developer, 2001)",16.666666666666664,0.177
M/s Garware Wall Ropes Pvt. Ltd,Vidarbha IDC,19.999999999999996,0.177
M/s Haldia Petrochemicals,M/s Surya Vamsi Shrimp Hatcheries,36.0,0.177
M/s Garware Wall Ropes Pvt. Ltd,Municipal Corporation of Greater Mumbai,28.07017543859649,0.177
BCCI / Mumbai Cricket Association,M/s Gayathri Hatchery-I,36.0,0.177
"M/s Krisnaa Diagnostics Pvt. Ltd., Jaipur",M/s Zafza Mumbai Business Park (India) Pvt Ltd,46.15384615384615,0.177
M/s Garware Wall Ropes Pvt. Ltd,M/s Mastek Ltd,16.666666666666664,0.177
M/s CRISIL Risk and Infrastructure Solutions Limited,M/s Impulse Microelectronics Pvt Ltd,37.5,0.177
Rail India Technical and Economic Service Limited (RITES),Tata Power,23.529411764705888,0.176
M/s Impulse Microelectronics Pvt Ltd,Sahara Adventure Sports Ltd (IPL franchisee),29.78723404255319,0.176
M/s Rohan Dyes & Intermediates Ltd.,State Bank of India,41.860465116279066,0.176
M/s Impulse Microelectronics Pvt Ltd,Vidarbha Cricket Association,30.76923076923077,0.176
M/s Zafza Mumbai Business Park (India) Pvt Ltd,Shree Ram Constructions Pvt Ltd,32.6530612244898,0.175
"M/s Mastek Ltd (software developer, 2001)",M/s National Project Construction Corporation Limited (NPCCL),12.765957446808507,0.175
Godavari Marathwada IDC,Sharma Infrastructure Projects Private Limited,33.9622641509434,0.175
Sharma Infrastructure Projects Private Limited,Vidarbha IDC,28.57142857142857,0.175
M/s Mastek Ltd,M/s National Project Construction Corporation Limited (NPCCL),12.765957446808507,0.175
BEST,M/s National Project Construction Corporation Limited (NPCCL),8.888888888888891,0.175
ICICI Bank (attached/sold property),"M/s Public Works Department, Panaji, Goa",27.27272727272727,0.175
M/s Surya Vamsi Shrimp Hatcheries,Municipal Corporation of Greater Mumbai,32.35294117647059,0.175
Godavari Marathwada IDC,M/s Surya Vamsi Shrimp Hatcheries,34.61538461538461,0.175
M/s Huntsman International (I) Pvt. Ltd.,M/s WAPCOS Limited (Project Management Consultant),14.28571428571429,0.174
M/s Huntsman International (I) Pvt. Ltd.,WAPCOS Ltd,14.28571428571429,0.174
Spanco Nagpur Discom Ltd (MSEDCL franchisee),Uttar Pradesh Development System Corporation Limited (UPDESCO),28.125,0.174
M/s Huntsman International (I) Pvt. Ltd.,M/s WAPCOS Limited,14.28571428571429,0.174
Sharma Infrastructure Projects Private Limited,Tata Power,30.000000000000004,0.174
Godavari Marathwada IDC,S R Constructions,25.0,0.173
M/s Lulu International Shopping Mall,Spanco Nagpur Discom Ltd (MSEDCL franchisee),34.61538461538461,0.173
M/s Surya Vamsi Shrimp Hatcheries,Maharashtra Krishna Valley Development Corp,38.888888888888886,0.173
M/s Lulu International Shopping Mall,Rail India Technical and Economic Service Limited (RITES),35.61643835616438,0.173
M/s TCS,Uttar Pradesh Development System Corporation Limited (UPDESCO),8.510638297872342,0.173
Kalyan Dombivli Municipal Corporation,MSEDCL,13.953488372093027,0.173
Spanco Nagpur Discom Ltd (MSEDCL franchisee),Thane Municipal Corporation,34.04255319148937,0.173
Shree Ram Constructions Pvt Ltd,Spanco Nagpur Discom Ltd (MSEDCL franchisee),32.55813953488372,0.173
Rail India Technical and Economic Service Limited (RITES),Ram Constructions Bihar,34.375,0.173
ICICI Bank (attached/sold property),S R Constructions,22.22222222222222,0.173
M/s Haldia Petrochemicals,Municipal Corporation of Greater Mumbai,36.66666666666667,0.173
Reliance Infrastructure Ltd (supplier),Sahara Adventure Sports Ltd (IPL franchisee),34.78260869565217,0.172
Reliance Infrastructure,Sahara Adventure Sports Ltd (IPL franchisee),34.78260869565217,0.172
Mira Bhayandar Municipal Corporation,Rail India Technical and Economic Service Limited (RITES),46.753246753246756,0.172
M/s Goa State Infrastructure Development Corporation,Tapi IDC,21.42857142857143,0.172
M/s Gayathri Hatchery-I,M/s Zafza Mumbai Business Park (India) Pvt Ltd,26.66666666666667,0.172
M/s Embassy One Developers Private Limited,M/s Surya Vamsi Shrimp Hatcheries,31.372549019607842,0.172
Sharma Infrastructure Projects Private Limited,Spanco Nagpur Discom Ltd (MSEDCL franchisee),36.0,0.172
Municipal Corporation of Greater Mumbai,Western Coalfields Ltd,35.08771929824561,0.172
"M/s TRIF, Kochi",Reliance Infrastructure Ltd (supplier),24.242424242424242,0.171
"M/s TRIF, Kochi",Reliance Infrastructure,24.242424242424242,0.171
Ram Constructions UP,Western Coalfields Ltd,31.57894736842105,0.171
Ram Constructions UP,Vidarbha Cricket Association,37.5,0.171
M/s Huntsman International (I) Pvt. Ltd.,M/s TCS,16.000000000000004,0.171
M/s Garware Wall Ropes Pvt. Ltd,Thane Municipal Corporation,26.66666666666667,0.171
Godavari Marathwada IDC,M/s Mastek Ltd,20.68965517241379,0.17
MSEDCL,Vidarbha Cricket Association,17.647058823529417,0.17
M/s Sharma Infra Projects Pvt. Ltd.,Municipal Corporation of Greater Mumbai,33.333333333333336,0.17
Godavari Marathwada IDC,"M/s Mastek Ltd (software developer, 2001)",20.68965517241379,0.17
BCCI / Mumbai Cricket Association,M/s Haldia Petrochemicals,34.61538461538461,0.17
ICICI Bank (attached/sold property),Tata Consultancy Services Ltd,28.57142857142857,0.17
M/s Haldia Petrochemicals,Reliance Infrastructure,36.36363636363637,0.17
M/s Haldia Petrochemicals,Reliance Infrastructure Ltd (supplier),36.36363636363637,0.17
Kalyan Dombivli Municipal Corporation,Tata Power,25.531914893617024,0.169
"M/s ECIL (infrastructure, 2005)",Western Railway,21.052631578947366,0.169
M/s TCS,Vidarbha Cricket Association,12.903225806451612,0.169
Municipal Corporation of Greater Mumbai,Shree Ram Constructions Pvt Ltd,38.70967741935484,0.169
Godavari Marathwada IDC,Tata Consultancy Services Ltd,37.5,0.169
M/s Rohan Dyes & Intermediates Ltd.,M/s Surya Vamsi Shrimp Hatcheries,33.9622641509434,0.169
M/s Huntsman International (I) Pvt. Ltd.,"M/s TRIF, Kochi",31.25,0.169
M/s ECIL,Western Railway,21.052631578947366,0.169
M/s Haldia Petrochemicals,M/s National Project Construction Corporation Limited (NPCCL),29.032258064516125,0.169
M/s Garware Wall Ropes Pvt. Ltd,Reliance Infrastructure,39.02439024390244,0.168
MEDA (implementing agency),Western Railway,10.526315789473683,0.168
M/s Lulu International Shopping Mall,Maharashtra Krishna Valley Development Corp,29.333333333333332,0.168
M/s Garware Wall Ropes Pvt. Ltd,Reliance Infrastructure Ltd (supplier),39.02439024390244,0.168
MCGM,Shree Ram Construction Co.,15.384615384615385,0.168
"M/s Krisnaa Diagnostics Pvt. Ltd., Jaipur",M/s Lulu International Shopping Mall,31.034482758620683,0.168
M/s Embassy One Developers Private Limited,Western Railway,27.027027027027028,0.168
M/s Goa State Infrastructure Development Corporation,Sahara Adventure Sports Ltd (IPL franchisee),39.43661971830986,0.167
M/s Embassy One Developers Private Limited,Maharashtra State Power Generation Co Ltd,35.71428571428571,0.167
BEST,Tata Consultancy Services Ltd,20.68965517241379,0.167
Central Railway,WAPCOS Ltd,19.047619047619047,0.166
Ram Constructions UP,Tapi IDC,28.57142857142857,0.166
MSEDCL,Mira Bhayandar Municipal Corporation,14.28571428571429,0.166
Ram Constructions UP,Spanco Nagpur Discom Ltd (MSEDCL franchisee),35.0,0.166
Central Railway,M/s WAPCOS Limited,19.047619047619047,0.166
Central Railway,M/s WAPCOS Limited (Project Management Consultant),19.047619047619047,0.166
MCGM,Western Coalfields Ltd,9.090909090909093,0.166
Karnala Mahila Readymade Garment & Vastra Udyog Industrial Co-op Society (purchasers),MEDA (implementing agency),11.267605633802813,0.165
Karnala Mahila Readymade Garment & Vastra Udyog Industrial Co-op Society (purchasers),M/s ECIL,8.450704225352112,0.165
M/s Garware Wall Ropes Pvt. Ltd,MCGM,9.090909090909093,0.165
BCCI / Mumbai Cricket Association,Western Railway,26.086956521739136,0.165
Karnala Mahila Readymade Garment & Vastra Udyog Industrial Co-op Society (purchasers),"M/s ECIL (infrastructure, 2005)",8.450704225352112,0.165
M/s Garware Wall Ropes Pvt. Ltd,Tata Power,35.71428571428571,0.165
M/s WAPCOS Limited (Project Management Consultant),Reliance Infrastructure,13.793103448275868,0.164
M/s WAPCOS Limited (Project Management Consultant),Reliance Infrastructure Ltd (supplier),13.793103448275868,0.164
M/s Haldia Petrochemicals,S R Constructions,26.315789473684216,0.164
M/s WAPCOS Limited,Reliance Infrastructure,13.793103448275868,0.164
M/s Haldia Petrochemicals,"M/s TRIF, Kochi",38.70967741935484,0.164
M/s WAPCOS Limited,Reliance Infrastructure Ltd (supplier),13.793103448275868,0.164
Uttar Pradesh Development System Corporation Limited (UPDESCO),Western Coalfields Ltd,41.93548387096774,0.164
M/s Haldia Petrochemicals,"M/s Mastek Ltd (software developer, 2001)",22.22222222222222,0.164
M/s Haldia Petrochemicals,M/s Mastek Ltd,22.22222222222222,0.164
M/s Punj Lloyd Ltd.,M/s TCS,0.0,0.164
Reliance Infrastructure Ltd (supplier),WAPCOS Ltd,13.793103448275868,0.164
M/s Jai Laxmi Agro Foods Pvt. Ltd,"M/s TRIF, Kochi",26.66666666666667,0.164
MEDA (implementing agency),Municipal Corporation of Greater Mumbai,9.302325581395355,0.164
Reliance Infrastructure,WAPCOS Ltd,13.793103448275868,0.164
Vidarbha Cricket Association,Western Coalfields Ltd,30.434782608695656,0.164
BCCI / Mumbai Cricket Association,M/s Jai Laxmi Agro Foods Pvt. Ltd,31.372549019607842,0.164
M/s Impulse Microelectronics Pvt Ltd,M/s Lulu International Shopping Mall,28.57142857142857,0.164
BCCI / Mumbai Cricket Association,M/s WAPCOS Limited (Project Management Consultant),16.216216216216218,0.163
M/s Jai Laxmi Agro Foods Pvt. Ltd,Rail India Technical and Economic Service Limited (RITES),32.786885245901644,0.163
M/s Impulse Microelectronics Pvt Ltd,Ram Constructions UP,31.818181818181824,0.163
BCCI / Mumbai Cricket Association,M/s WAPCOS Limited,16.216216216216218,0.163
M/s Goa State Infrastructure Development Corporation,M/s Lulu International Shopping Mall,32.49999999999999,0.163
BCCI / Mumbai Cricket Association,WAPCOS Ltd,16.216216216216218,0.163
Central Railway,M/s CRISIL Risk and Infrastructure Solutions Limited,29.09090909090909,0.163
Godavari Marathwada IDC,Tata Power,36.36363636363637,0.163
ICICI Bank (attached/sold property),M/s Haldia Petrochemicals,32.25806451612904,0.162
M/s Zafza Mumbai Business Park (India) Pvt Ltd,Western Coalfields Ltd,22.72727272727273,0.162
Mira Bhayandar Municipal Corporation,Western Railway,23.529411764705888,0.162
M/s Sharma Infra Projects Pvt. Ltd.,Tata Power,38.70967741935484,0.161
M/s Jai Laxmi Agro Foods Pvt. Ltd,State Bank of India,30.76923076923077,0.161
M/s Zafza Mumbai Business Park (India) Pvt Ltd,Western Railway,19.512195121951216,0.161
M/s Gayathri Hatchery-I,MCGM,8.695652173913048,0.161
M/s Impulse Microelectronics Pvt Ltd,Shree Ram Constructions Pvt Ltd,29.78723404255319,0.16
Karnala Mahila Readymade Garment & Vastra Udyog Industrial Co-op Society (purchasers),Sahara Adventure Sports Ltd (IPL franchisee),37.77777777777778,0.16
Kalyan Dombivli Municipal Corporation,M/s Rohan Dyes & Intermediates Ltd.,22.95081967213115,0.16
BCCI / Mumbai Cricket Association,"M/s Public Works Department, Panaji, Goa",30.76923076923077,0.16
M/s ECIL,S R Constructions,19.047619047619047,0.16
Municipal Corporation of Greater Mumbai,Spanco Nagpur Discom Ltd (MSEDCL franchisee),33.89830508474576,0.16
M/s Lulu International Shopping Mall,Uttar Pradesh Development System Corporation Limited (UPDESCO),31.57894736842105,0.16
"M/s ECIL (infrastructure, 2005)",S R Constructions,19.047619047619047,0.16
"M/s Public Works Department, Panaji, Goa",Shree Ram Construction Co.,25.0,0.16
Konkan IDC,M/s CRISIL Risk and Infrastructure Solutions Limited,24.0,0.159
Sharma Infrastructure Projects Private Limited,Vidarbha Cricket Association,41.379310344827594,0.159
M/s Embassy One Developers Private Limited,M/s Lulu International Shopping Mall,29.629629629629626,0.159
ICICI Bank (attached/sold property),Sharma Infrastructure Projects Private Limited,15.000000000000002,0.159
Maharashtra State Power Generation Co Ltd,Vidarbha IDC,26.086956521739136,0.159
M/s Gayathri Hatchery-I,M/s Goa State Infrastructure Development Corporation,26.865671641791046,0.159
MEDA (implementing agency),Rail India Technical and Economic Service Limited (RITES),13.33333333333333,0.158
Karnala Mahila Readymade Garment & Vastra Udyog Industrial Co-op Society (purchasers),Sharma Infrastructure Projects Private Limited,32.98969072164949,0.158
M/s Embassy One Developers Private Limited,MCGM,7.692307692307687,0.158
M/s Surya Vamsi Shrimp Hatcheries,"M/s TRIF, Kochi",30.76923076923077,0.158
M/s Lulu International Shopping Mall,MEDA (implementing agency),11.111111111111116,0.158
Konkan IDC,M/s Goa State Infrastructure Development Corporation,20.68965517241379,0.158
Godavari Marathwada IDC,Karnala Mahila Readymade Garment & Vastra Udyog Industrial Co-op Society (purchasers),31.11111111111111,0.158
M/s Surya Vamsi Shrimp Hatcheries,Tata Power,25.64102564102564,0.158
M/s Haldia Petrochemicals,M/s Huntsman International (I) Pvt. Ltd.,37.2093023255814,0.158
M/s Embassy One Developers Private Limited,M/s Rohan Dyes & Intermediates Ltd.,47.82608695652174,0.158
M/s Huntsman International (I) Pvt. Ltd.,MEDA (implementing agency),23.076923076923073,0.158
"M/s Public Works Department, Panaji, Goa",Vidarbha IDC,17.391304347826086,0.157
Maharashtra Krishna Valley Development Corp,Reliance Infrastructure Ltd (supplier),30.303030303030297,0.157
M/s Punj Lloyd Ltd.,M/s Rohan Dyes & Intermediates Ltd.,23.529411764705888,0.157
M/s Sharma Infra Projects Pvt. Ltd.,Vidarbha Cricket Association,40.816326530612244,0.157
Maharashtra Krishna Valley Development Corp,Reliance Infrastructure,30.303030303030297,0.157
M/s Sharma Infra Projects Pvt. Ltd.,Thane Municipal Corporation,33.333333333333336,0.156
ICICI Bank (attached/sold property),M/s Goa State Infrastructure Development Corporation,17.24137931034483,0.156
M/s Embassy One Developers Private Limited,M/s WAPCOS Limited,14.28571428571429,0.156
M/s Goa State Infrastructure Development Corporation,MCGM,7.692307692307687,0.156
M/s Embassy One Developers Private Limited,WAPCOS Ltd,14.28571428571429,0.156
M/s Punj Lloyd Ltd.,Mira Bhayandar Municipal Corporation,26.086956521739136,0.156
MEDA (implementing agency),Thane Municipal Corporation,12.903225806451612,0.156
M/s Embassy One Developers Private Limited,M/s WAPCOS Limited (Project Management Consultant),14.28571428571429,0.156
M/s CRISIL Risk and Infrastructure Solutions Limited,M/s Haldia Petrochemicals,36.065573770491795,0.156
M/s Huntsman International (I) Pvt. Ltd.,M/s Zafza Mumbai Business Park (India) Pvt Ltd,37.5,0.155
Shree Ram Constructions Pvt Ltd,Vidarbha IDC,22.857142857142854,0.155
M/s Sharma Infra Projects Pvt. Ltd.,Tapi IDC,27.586206896551722,0.155
"M/s Mastek Ltd (software developer, 2001)",Shree Ram Constructions Pvt Ltd,20.68965517241379,0.155
M/s Mastek Ltd,Shree Ram Constructions Pvt Ltd,20.68965517241379,0.155
Konkan IDC,Tata Consultancy Services Ltd,28.57142857142857,0.155
Indian Railways,M/s Embassy One Developers Private Limited,21.62162162162162,0.155
"M/s Public Works Department, Panaji, Goa",S R Constructions,27.450980392156865,0.155
M/s Jai Laxmi Agro Foods Pvt. Ltd,Spanco Nagpur Discom Ltd (MSEDCL franchisee),30.000000000000004,0.155
Kalyan Dombivli Municipal Corporation,M/s Jai Laxmi Agro Foods Pvt. Ltd,35.08771929824561,0.154
BCCI / Mumbai Cricket Association,M/s Garware Wall Ropes Pvt. Ltd,28.57142857142857,0.154
Kalyan Dombivli Municipal Corporation,Western Railway,30.76923076923077,0.154
M/s Garware Wall Ropes Pvt. Ltd,M/s Punj Lloyd Ltd.,14.28571428571429,0.154
MCGM,Reliance Infrastructure,7.4074074074074066,0.153
M/s Mastek Ltd,Reliance Infrastructure Ltd (supplier),27.586206896551722,0.153
MCGM,Reliance Infrastructure Ltd (supplier),7.4074074074074066,0.153
"M/s Mastek Ltd (software developer, 2001)",Reliance Infrastructure Ltd (supplier),27.586206896551722,0.153
"M/s Public Works Department, Panaji, Goa",M/s Rohan Dyes & Intermediates Ltd.,34.48275862068966,0.153
MEDA (implementing agency),Sahara Adventure Sports Ltd (IPL franchisee),14.814814814814813,0.153
MCGM,Shree Ram Constructions Pvt Ltd,14.814814814814813,0.153
Ram Constructions UP,State Bank of India,25.64102564102564,0.153
M/s Punj Lloyd Ltd.,Ram Constructions UP,19.999999999999996,0.153
M/s Rohan Dyes & Intermediates Ltd.,Western Railway,35.89743589743589,0.153
M/s Surya Vamsi Shrimp Hatcheries,M/s TCS,18.75,0.153
M/s Haldia Petrochemicals,Uttar Pradesh Development System Corporation Limited (UPDESCO),33.84615384615385,0.153
"M/s Mastek Ltd (software developer, 2001)",Reliance Infrastructure,27.586206896551722,0.153
M/s Mastek Ltd,Reliance Infrastructure,27.586206896551722,0.153
M/s Embassy One Developers Private Limited,MSEDCL,21.42857142857143,0.152
M/s Garware Wall Ropes Pvt. Ltd,Maharashtra State Power Generation Co Ltd,38.46153846153846,0.152
M/s TCS,Municipal Corporation of Greater Mumbai,9.523809523809524,0.152
Shree Ram Constructions Pvt Ltd,Tata Consultancy Services Ltd,45.833333333333336,0.152
BEST,Uttar Pradesh Development System Corporation Limited (UPDESCO),12.5,0.152
M/s Impulse Microelectronics Pvt Ltd,Spanco Nagpur Discom Ltd (MSEDCL franchisee),31.818181818181824,0.152
BCCI / Mumbai Cricket Association,Spanco Nagpur Discom Ltd (MSEDCL franchisee),27.450980392156865,0.152
ICICI Bank (attached/sold property),Shree Ram Constructions Pvt Ltd,18.181818181818176,0.152
M/s Jai Laxmi Agro Foods Pvt. Ltd,MEDA (implementing agency),16.666666666666664,0.151
MCGM,Ram Constructions Bihar,14.814814814814813,0.151
Sharma Infrastructure Projects Private Limited,Thane Municipal Corporation,31.57894736842105,0.151
M/s CRISIL Risk and Infrastructure Solutions Limited,M/s TCS,13.953488372093027,0.15
BEST,Rail India Technical and Economic Service Limited (RITES),13.33333333333333,0.15
M/s Huntsman International (I) Pvt. Ltd.,Tata Power,31.25,0.15
M/s CRISIL Risk and Infrastructure Solutions Limited,Tapi IDC,20.833333333333336,0.15
MEDA (implementing agency),Tata Consultancy Services Ltd,13.793103448275868,0.15
Kalyan Dombivli Municipal Corporation,Rail India Technical and Economic Service Limited (RITES),41.02564102564102,0.149
M/s Gayathri Hatchery-I,Tata Consultancy Services Ltd,31.818181818181824,0.149
M/s TCS,Shree Ram Constructions Pvt Ltd,23.076923076923073,0.149
"M/s TRIF, Kochi",S R Constructions,37.03703703703704,0.149
M/s Embassy One Developers Private Limited,M/s TCS,7.9999999999999964,0.149
BEST,Kalyan Dombivli Municipal Corporation,4.878048780487809,0.149
M/s CRISIL Risk and Infrastructure Solutions Limited,Western Railway,32.72727272727273,0.149
Municipal Corporation of Greater Mumbai,Rail India Technical and Economic Service Limited (RITES),42.50000000000001,0.149
M/s Zafza Mumbai Business Park (India) Pvt Ltd,MCGM,13.33333333333333,0.149
M/s Impulse Microelectronics Pvt Ltd,Uttar Pradesh Development System Corporation Limited (UPDESCO),26.470588235294112,0.148
M/s Impulse Microelectronics Pvt Ltd,Western Coalfields Ltd,38.095238095238095,0.148
M/s Rohan Dyes & Intermediates Ltd.,Ram Constructions UP,36.36363636363637,0.148
M/s Lulu International Shopping Mall,Mira Bhayandar Municipal Corporation,35.29411764705882,0.148
M/s Surya Vamsi Shrimp Hatcheries,Spanco Nagpur Discom Ltd (MSEDCL franchisee),32.6530612244898,0.148
BEST,M/s Sharma Infra Projects Pvt. Ltd.,16.000000000000004,0.148
Spanco Nagpur Discom Ltd (MSEDCL franchisee),Tata Power,26.66666666666667,0.148
BCCI / Mumbai Cricket Association,Reliance Infrastructure Ltd (supplier),33.333333333333336,0.148
BCCI / Mumbai Cricket Association,Reliance Infrastructure,33.333333333333336,0.148
Shree Ram Construction Co.,Tata Power,25.0,0.147
M/s TCS,Sharma Infrastructure Projects Private Limited,18.181818181818176,0.147
M/s Impulse Microelectronics Pvt Ltd,State Bank of India,23.25581395348837,0.147
M/s Impulse Microelectronics Pvt Ltd,M/s Rohan Dyes & Intermediates Ltd.,37.5,0.147
M/s TCS,Maharashtra State Power Generation Co Ltd,10.81081081081081,0.147
"M/s Krisnaa Diagnostics Pvt. Ltd., Jaipur",Western Railway,29.268292682926834,0.147
M/s Mastek Ltd,Rail India Technical and Economic Service Limited (RITES),21.276595744680847,0.147
"M/s Mastek Ltd (software developer, 2001)",Rail India Technical and Economic Service Limited (RITES),21.276595744680847,0.147
Central Railway,Maharashtra Krishna Valley Development Corp,37.93103448275862,0.147
M/s WAPCOS Limited,State Bank of India,24.0,0.146
State Bank of India,WAPCOS Ltd,24.0,0.146
M/s WAPCOS Limited (Project Management Consultant),State Bank of India,24.0,0.146
Municipal Corporation of Greater Mumbai,S R Constructions,35.71428571428571,0.146
M/s ECIL,M/s Huntsman International (I) Pvt. Ltd.,23.076923076923073,0.146
"M/s ECIL (infrastructure, 2005)",M/s Huntsman International (I) Pvt. Ltd.,23.076923076923073,0.146
M/s Impulse Microelectronics Pvt Ltd,Ram Constructions Bihar,38.297872340425535,0.146
M/s National Project Construction Corporation Limited (NPCCL),Western Coalfields Ltd,27.118644067796616,0.146
M/s Impulse Microelectronics Pvt Ltd,Maharashtra Krishna Valley Development Corp,26.865671641791046,0.146
M/s National Project Construction Corporation Limited (NPCCL),MSEDCL,12.765957446808507,0.145
Karnala Mahila Readymade Garment & Vastra Udyog Industrial Co-op Society (purchasers),Shree Ram Construction Co.,29.21348314606742,0.145
Mira Bhayandar Municipal Corporation,Ram Constructions UP,46.42857142857143,0.144
M/s Punj Lloyd Ltd.,S R Constructions,22.22222222222222,0.144
BCCI / Mumbai Cricket Association,Tata Consultancy Services Ltd,39.28571428571429,0.144
M/s Sharma Infra Projects Pvt. Ltd.,M/s TCS,16.666666666666664,0.144
Konkan IDC,Western Coalfields Ltd,28.57142857142857,0.144
M/s Lulu International Shopping Mall,Tata Consultancy Services Ltd,28.07017543859649,0.143
Sharma Infrastructure Projects Private Limited,WAPCOS Ltd,22.22222222222222,0.142
M/s WAPCOS Limited,Sharma Infrastructure Projects Private Limited,22.22222222222222,0.142
BCCI / Mumbai Cricket Association,"M/s Mastek Ltd (software developer, 2001)",21.62162162162162,0.142
M/s WAPCOS Limited (Project Management Consultant),Sharma Infrastructure Projects Private Limited,22.22222222222222,0.142
MSEDCL,Rail India Technical and Economic Service Limited (RITES),21.276595744680847,0.142
Karnala Mahila Readymade Garment & Vastra Udyog Industrial Co-op Society (purchasers),M/s Rohan Dyes & Intermediates Ltd.,32.96703296703297,0.142
BCCI / Mumbai Cricket Association,M/s Mastek Ltd,21.62162162162162,0.142
Konkan IDC,M/s Lulu International Shopping Mall,23.809523809523814,0.141
Rail India Technical and Economic Service Limited (RITES),Shree Ram Constructions Pvt Ltd,43.75,0.141
"M/s Krisnaa Diagnostics Pvt. Ltd., Jaipur",M/s TCS,20.68965517241379,0.141
M/s Jai Laxmi Agro Foods Pvt. Ltd,Vidarbha Cricket Association,29.166666666666664,0.141
M/s Huntsman International (I) Pvt. Ltd.,Mira Bhayandar Municipal Corporation,41.379310344827594,0.141
"M/s Krisnaa Diagnostics Pvt. Ltd., Jaipur",Tapi IDC,35.29411764705882,0.141
BCCI / Mumbai Cricket Association,Sahara Adventure Sports Ltd (IPL franchisee),22.22222222222222,0.141
M/s Embassy One Developers Private Limited,"M/s Krisnaa Diagnostics Pvt. Ltd., Jaipur",29.166666666666664,0.14
M/s Embassy One Developers Private Limited,Vidarbha Cricket Association,24.0,0.14
M/s Huntsman International (I) Pvt. Ltd.,Maharashtra Krishna Valley Development Corp,30.76923076923077,0.14
MEDA (implementing agency),Maharashtra Krishna Valley Development Corp,12.765957446808507,0.14
Kalyan Dombivli Municipal Corporation,M/s Lulu International Shopping Mall,37.68115942028986,0.14
M/s CRISIL Risk and Infrastructure Solutions Limited,Maharashtra State Power Generation Co Ltd,37.83783783783784,0.14
"M/s TRIF, Kochi",Sahara Adventure Sports Ltd (IPL franchisee),18.181818181818176,0.14
ICICI Bank (attached/sold property),M/s Jai Laxmi Agro Foods Pvt. Ltd,26.66666666666667,0.139
M/s Haldia Petrochemicals,Ram Constructions UP,24.390243902439025,0.139
M/s Lulu International Shopping Mall,Tapi IDC,25.0,0.139
Tata Power,Vidarbha Cricket Association,26.315789473684216,0.139
M/s Embassy One Developers Private Limited,Tapi IDC,19.999999999999996,0.138
M/s Sharma Infra Projects Pvt. Ltd.,MSEDCL,14.814814814814813,0.138
M/s Lulu International Shopping Mall,"M/s TRIF, Kochi",19.047619047619047,0.138
MCGM,Sharma Infrastructure Projects Private Limited,11.764705882352944,0.138
BEST,Maharashtra Krishna Valley Development Corp,12.765957446808507,0.138
M/s Lulu International Shopping Mall,MCGM,11.111111111111116,0.137
ICICI Bank (attached/sold property),M/s Sharma Infra Projects Pvt. Ltd.,19.354838709677423,0.137
Mira Bhayandar Municipal Corporation,Reliance Infrastructure Ltd (supplier),33.89830508474576,0.137
M/s Rohan Dyes & Intermediates Ltd.,Shree Ram Construction Co.,30.434782608695656,0.137
"M/s Public Works Department, Panaji, Goa",Shree Ram Constructions Pvt Ltd,24.561403508771928,0.137
M/s ECIL,Reliance Infrastructure,14.814814814814813,0.137
Central Railway,M/s Embassy One Developers Private Limited,27.027027027027028,0.137
Shree Ram Construction Co.,Thane Municipal Corporation,48.97959183673469,0.137
MEDA (implementing agency),Western Coalfields Ltd,18.181818181818176,0.137
M/s ECIL,Reliance Infrastructure Ltd (supplier),14.814814814814813,0.137
"M/s ECIL (infrastructure, 2005)",Reliance Infrastructure,14.814814814814813,0.137
Vidarbha IDC,Western Coalfields Ltd,26.66666666666667,0.137
MSEDCL,Sharma Infrastructure Projects Private Limited,16.666666666666664,0.137
"M/s ECIL (infrastructure, 2005)",Reliance Infrastructure Ltd (supplier),14.814814814814813,0.137
M/s National Project Construction Corporation Limited (NPCCL),Sahara Adventure Sports Ltd (IPL franchisee),34.375,0.137
Mira Bhayandar Municipal Corporation,Reliance Infrastructure,33.89830508474576,0.137
M/s Huntsman International (I) Pvt. Ltd.,Thane Municipal Corporation,32.6530612244898,0.136
M/s Rohan Dyes & Intermediates Ltd.,Vidarbha Cricket Association,38.46153846153846,0.136
M/s Huntsman International (I) Pvt. Ltd.,Sharma Infrastructure Projects Private Limited,26.923076923076927,0.136
M/s CRISIL Risk and Infrastructure Solutions Limited,Sahara Adventure Sports Ltd (IPL franchisee),44.44444444444444,0.136
M/s Lulu International Shopping Mall,Sharma Infrastructure Projects Private Limited,35.483870967741936,0.136
M/s Embassy One Developers Private Limited,M/s Garware Wall Ropes Pvt. Ltd,35.0,0.136
Kalyan Dombivli Municipal Corporation,WAPCOS Ltd,9.302325581395355,0.135
M/s Goa State Infrastructure Development Corporation,M/s Mastek Ltd,18.518518518518523,0.135
M/s Impulse Microelectronics Pvt Ltd,M/s Punj Lloyd Ltd.,23.529411764705888,0.135
Godavari Marathwada IDC,M/s Zafza Mumbai Business Park (India) Pvt Ltd,32.6530612244898,0.135
M/s Embassy One Developers Private Limited,M/s Haldia Petrochemicals,37.2093023255814,0.135
Kalyan Dombivli Municipal Corporation,M/s WAPCOS Limited (Project Management Consultant),9.302325581395355,0.135
Kalyan Dombivli Municipal Corporation,M/s WAPCOS Limited,9.302325581395355,0.135
M/s Surya Vamsi Shrimp Hatcheries,Maharashtra State Power Generation Co Ltd,34.92063492063492,0.135
M/s Goa State Infrastructure Development Corporation,"M/s Mastek Ltd (software developer, 2001)",18.518518518518523,0.135
M/s Embassy One Developers Private Limited,Sahara Adventure Sports Ltd (IPL franchisee),35.55555555555555,0.134
M/s Lulu International Shopping Mall,Vidarbha IDC,18.181818181818176,0.134
M/s Gayathri Hatchery-I,M/s Rohan Dyes & Intermediates Ltd.,37.2093023255814,0.134
BEST,"M/s Krisnaa Diagnostics Pvt. Ltd., Jaipur",13.33333333333333,0.134
M/s Rohan Dyes & Intermediates Ltd.,"M/s TRIF, Kochi",23.529411764705888,0.134
BEST,Ram Constructions UP,16.666666666666664,0.133
Shree Ram Construction Co.,Tata Consultancy Services Ltd,46.808510638297875,0.133
Tapi IDC,Western Coalfields Ltd,30.76923076923077,0.133
M/s National Project Construction Corporation Limited (NPCCL),Tata Power,27.450980392156865,0.133
M/s Lulu International Shopping Mall,M/s Surya Vamsi Shrimp Hatcheries,32.786885245901644,0.133
"M/s Krisnaa Diagnostics Pvt. Ltd., Jaipur",M/s Punj Lloyd Ltd.,27.77777777777778,0.132
"M/s TRIF, Kochi",State Bank of India,27.586206896551722,0.132
M/s Huntsman International (I) Pvt. Ltd.,Ram Constructions Bihar,48.88888888888889,0.132
"M/s Krisnaa Diagnostics Pvt. Ltd., Jaipur",MSEDCL,12.5,0.132
"M/s Krisnaa Diagnostics Pvt. Ltd., Jaipur",Western Coalfields Ltd,27.27272727272727,0.132
Godavari Marathwada IDC,M/s Lulu International Shopping Mall,25.454545454545453,0.132
M/s CRISIL Risk and Infrastructure Solutions Limited,M/s ECIL,13.636363636363635,0.132
M/s Mastek Ltd,Ram Constructions Bihar,20.68965517241379,0.132
M/s CRISIL Risk and Infrastructure Solutions Limited,"M/s ECIL (infrastructure, 2005)",13.636363636363635,0.132
Karnala Mahila Readymade Garment & Vastra Udyog Industrial Co-op Society (purchasers),MSEDCL,13.698630136986301,0.132
S R Constructions,Vidarbha Cricket Association,40.0,0.132
"M/s Mastek Ltd (software developer, 2001)",Ram Constructions Bihar,20.68965517241379,0.132
Karnala Mahila Readymade Garment & Vastra Udyog Industrial Co-op Society (purchasers),Tata Power,18.181818181818176,0.132
"M/s ECIL (infrastructure, 2005)",M/s National Project Construction Corporation Limited (NPCCL),13.33333333333333,0.131
M/s Huntsman International (I) Pvt. Ltd.,Reliance Infrastructure Ltd (supplier),31.11111111111111,0.131
BEST,Reliance Infrastructure,14.814814814814813,0.131
BEST,Reliance Infrastructure Ltd (supplier),14.814814814814813,0.131
M/s ECIL,M/s National Project Construction Corporation Limited (NPCCL),13.33333333333333,0.131
BEST,"M/s Public Works Department, Panaji, Goa",10.526315789473683,0.131
M/s Huntsman International (I) Pvt. Ltd.,Reliance Infrastructure,31.11111111111111,0.131
Spanco Nagpur Discom Ltd (MSEDCL franchisee),Tata Consultancy Services Ltd,31.11111111111111,0.13
M/s Lulu International Shopping Mall,Thane Municipal Corporation,44.067796610169495,0.13
M/s Sharma Infra Projects Pvt. Ltd.,MCGM,16.000000000000004,0.13
Central Railway,Spanco Nagpur Discom Ltd (MSEDCL franchisee),28.57142857142857,0.13
M/s Zafza Mumbai Business Park (India) Pvt Ltd,Reliance Infrastructure Ltd (supplier),28.57142857142857,0.129
M/s WAPCOS Limited,M/s Zafza Mumbai Business Park (India) Pvt Ltd,12.5,0.129
Karnala Mahila Readymade Garment & Vastra Udyog Industrial Co-op Society (purchasers),Shree Ram Constructions Pvt Ltd,28.888888888888886,0.129
M/s WAPCOS Limited (Project Management Consultant),M/s Zafza Mumbai Business Park (India) Pvt Ltd,12.5,0.129
M/s Zafza Mumbai Business Park (India) Pvt Ltd,WAPCOS Ltd,12.5,0.129
M/s Zafza Mumbai Business Park (India) Pvt Ltd,Reliance Infrastructure,28.57142857142857,0.129
M/s Rohan Dyes & Intermediates Ltd.,M/s TCS,14.814814814814813,0.128
M/s Surya Vamsi Shrimp Hatcheries,Mira Bhayandar Municipal Corporation,36.92307692307693,0.128
M/s Jai Laxmi Agro Foods Pvt. Ltd,Municipal Corporation of Greater Mumbai,30.508474576271183,0.128
BCCI / Mumbai Cricket Association,Ram Constructions UP,39.21568627450981,0.128
M/s Garware Wall Ropes Pvt. Ltd,Rail India Technical and Economic Service Limited (RITES),30.508474576271183,0.128
BEST,M/s Goa State Infrastructure Development Corporation,11.538461538461542,0.128
M/s WAPCOS Limited (Project Management Consultant),Thane Municipal Corporation,12.121212121212121,0.128
"M/s Public Works Department, Panaji, Goa",M/s WAPCOS Limited (Project Management Consultant),25.0,0.128
"M/s Public Works Department, Panaji, Goa",M/s WAPCOS Limited,25.0,0.128
Konkan IDC,M/s Rohan Dyes & Intermediates Ltd.,35.29411764705882,0.128
Thane Municipal Corporation,WAPCOS Ltd,12.121212121212121,0.128
"M/s Public Works Department, Panaji, Goa",WAPCOS Ltd,25.0,0.128
M/s Rohan Dyes & Intermediates Ltd.,Rail India Technical and Economic Service Limited (RITES),36.92307692307693,0.128
M/s WAPCOS Limited,Thane Municipal Corporation,12.121212121212121,0.128
Godavari Marathwada IDC,M/s CRISIL Risk and Infrastructure Solutions Limited,28.57142857142857,0.127
M/s Zafza Mumbai Business Park (India) Pvt Ltd,Ram Constructions UP,34.78260869565217,0.127
Karnala Mahila Readymade Garment & Vastra Udyog Industrial Co-op Society (purchasers),State Bank of India,34.883720930232556,0.127
M/s Jai Laxmi Agro Foods Pvt. Ltd,Vidarbha IDC,25.0,0.127
M/s Lulu International Shopping Mall,Ram Constructions Bihar,36.36363636363637,0.126
"M/s TRIF, Kochi",MEDA (implementing agency),0.0,0.126
Central Railway,"M/s Krisnaa Diagnostics Pvt. Ltd., Jaipur",34.14634146341463,0.126
Karnala Mahila Readymade Garment & Vastra Udyog Industrial Co-op Society (purchasers),"M/s Krisnaa Diagnostics Pvt. Ltd., Jaipur",30.107526881720425,0.126
BCCI / Mumbai Cricket Association,Sharma Infrastructure Projects Private Limited,36.065573770491795,0.126
M/s Zafza Mumbai Business Park (India) Pvt Ltd,MEDA (implementing agency),13.33333333333333,0.126
M/s Huntsman International (I) Pvt. Ltd.,Tata Consultancy Services Ltd,42.553191489361694,0.126
"M/s Krisnaa Diagnostics Pvt. Ltd., Jaipur","M/s TRIF, Kochi",33.333333333333336,0.126
M/s Gayathri Hatchery-I,M/s National Project Construction Corporation Limited (NPCCL),26.66666666666667,0.125
Kalyan Dombivli Municipal Corporation,M/s Impulse Microelectronics Pvt Ltd,26.22950819672131,0.125
Konkan IDC,Municipal Corporation of Greater Mumbai,20.408163265306122,0.125
M/s TCS,Shree Ram Construction Co.,24.0,0.124
M/s ECIL,Municipal Corporation of Greater Mumbai,18.6046511627907,0.124
M/s Rohan Dyes & Intermediates Ltd.,Vidarbha IDC,44.44444444444444,0.124
Municipal Corporation of Greater Mumbai,Reliance Infrastructure,32.25806451612904,0.124
Ram Constructions Bihar,WAPCOS Ltd,27.586206896551722,0.124
M/s Huntsman International (I) Pvt. Ltd.,Municipal Corporation of Greater Mumbai,36.065573770491795,0.124
M/s WAPCOS Limited (Project Management Consultant),Ram Constructions Bihar,27.586206896551722,0.124
M/s WAPCOS Limited,Ram Constructions Bihar,27.586206896551722,0.124
Mira Bhayandar Municipal Corporation,S R Constructions,37.735849056603776,0.124
Karnala Mahila Readymade Garment & Vastra Udyog Industrial Co-op Society (purchasers),M/s Gayathri Hatchery-I,27.906976744186053,0.124
"M/s ECIL (infrastructure, 2005)",Municipal Corporation of Greater Mumbai,18.6046511627907,0.124
Municipal Corporation of Greater Mumbai,Reliance Infrastructure Ltd (supplier),32.25806451612904,0.124
M/s Goa State Infrastructure Development Corporation,M/s WAPCOS Limited,14.814814814814813,0.123
M/s Goa State Infrastructure Development Corporation,M/s WAPCOS Limited (Project Management Consultant),14.814814814814813,0.123
M/s Goa State Infrastructure Development Corporation,WAPCOS Ltd,14.814814814814813,0.123
M/s TCS,Sahara Adventure Sports Ltd (IPL franchisee),15.384615384615385,0.123
BEST,M/s Zafza Mumbai Business Park (India) Pvt Ltd,19.999999999999996,0.122
Shree Ram Constructions Pvt Ltd,Thane Municipal Corporation,48.0,0.122
M/s Punj Lloyd Ltd.,Reliance Infrastructure,12.121212121212121,0.122
M/s Punj Lloyd Ltd.,Reliance Infrastructure Ltd (supplier),12.121212121212121,0.122
Godavari Marathwada IDC,Reliance Infrastructure Ltd (supplier),26.086956521739136,0.122
Godavari Marathwada IDC,Reliance Infrastructure,26.086956521739136,0.122
M/s National Project Construction Corporation Limited (NPCCL),M/s Punj Lloyd Ltd.,19.6078431372549,0.122
M/s Rohan Dyes & Intermediates Ltd.,Maharashtra State Power Generation Co Ltd,34.48275862068966,0.122
M/s Impulse Microelectronics Pvt Ltd,"M/s Krisnaa Diagnostics Pvt. Ltd., Jaipur",31.999999999999996,0.121
ICICI Bank (attached/sold property),Ram Constructions UP,19.999999999999996,0.121
Kalyan Dombivli Municipal Corporation,Shree Ram Construction Co.,33.89830508474576,0.121
M/s Goa State Infrastructure Development Corporation,M/s Rohan Dyes & Intermediates Ltd.,30.555555555555557,0.121
ICICI Bank (attached/sold property),M/s Garware Wall Ropes Pvt. Ltd,14.28571428571429,0.121
M/s Impulse Microelectronics Pvt Ltd,Shree Ram Construction Co.,30.434782608695656,0.121
BCCI / Mumbai Cricket Association,MEDA (implementing agency),11.428571428571432,0.121
Ram Constructions Bihar,Spanco Nagpur Discom Ltd (MSEDCL franchisee),32.55813953488372,0.12
BEST,M/s Gayathri Hatchery-I,8.695652173913048,0.12
M/s Huntsman International (I) Pvt. Ltd.,Rail India Technical and Economic Service Limited (RITES),34.92063492063492,0.12
M/s WAPCOS Limited,Municipal Corporation of Greater Mumbai,13.33333333333333,0.12
Municipal Corporation of Greater Mumbai,WAPCOS Ltd,13.33333333333333,0.12
M/s Gayathri Hatchery-I,M/s TCS,18.181818181818176,0.12
M/s WAPCOS Limited (Project Management Consultant),Municipal Corporation of Greater Mumbai,13.33333333333333,0.12
M/s CRISIL Risk and Infrastructure Solutions Limited,"M/s TRIF, Kochi",24.0,0.119
M/s Embassy One Developers Private Limited,"M/s Mastek Ltd (software developer, 2001)",28.57142857142857,0.119
M/s Embassy One Developers Private Limited,M/s Mastek Ltd,28.57142857142857,0.119
M/s Lulu International Shopping Mall,"M/s Public Works Department, Panaji, Goa",36.36363636363637,0.119
M/s National Project Construction Corporation Limited (NPCCL),"M/s TRIF, Kochi",23.529411764705888,0.119
M/s Jai Laxmi Agro Foods Pvt. Ltd,Ram Constructions UP,30.000000000000004,0.119
M/s Sharma Infra Projects Pvt. Ltd.,M/s WAPCOS Limited,29.629629629629626,0.118
M/s Sharma Infra Projects Pvt. Ltd.,M/s WAPCOS Limited (Project Management Consultant),29.629629629629626,0.118
M/s Sharma Infra Projects Pvt. Ltd.,WAPCOS Ltd,29.629629629629626,0.118
Konkan IDC,Shree Ram Construction Co.,25.0,0.118
Kalyan Dombivli Municipal Corporation,Ram Constructions UP,42.10526315789473,0.118
BEST,Spanco Nagpur Discom Ltd (MSEDCL franchisee),8.333333333333337,0.118
"M/s Public Works Department, Panaji, Goa",Ram Constructions UP,25.92592592592593,0.118
BCCI / Mumbai Cricket Association,M/s Embassy One Developers Private Limited,22.64150943396226,0.118
M/s Garware Wall Ropes Pvt. Ltd,M/s Lulu International Shopping Mall,28.000000000000004,0.118
M/s Gayathri Hatchery-I,Spanco Nagpur Discom Ltd (MSEDCL franchisee),25.64102564102564,0.117
M/s National Project Construction Corporation Limited (NPCCL),M/s WAPCOS Limited (Project Management Consultant),12.765957446808507,0.117
MSEDCL,Shree Ram Construction Co.,21.42857142857143,0.117
MSEDCL,Shree Ram Constructions Pvt Ltd,20.68965517241379,0.117
M/s Gayathri Hatchery-I,M/s Lulu International Shopping Mall,27.450980392156865,0.117
M/s CRISIL Risk and Infrastructure Solutions Limited,M/s Mastek Ltd,21.739130434782606,0.117
M/s CRISIL Risk and Infrastructure Solutions Limited,"M/s Mastek Ltd (software developer, 2001)",21.739130434782606,0.117
BCCI / Mumbai Cricket Association,M/s CRISIL Risk and Infrastructure Solutions Limited,36.61971830985915,0.117
M/s National Project Construction Corporation Limited (NPCCL),WAPCOS Ltd,12.765957446808507,0.117
Kalyan Dombivli Municipal Corporation,M/s Huntsman International (I) Pvt. Ltd.,30.508474576271183,0.117
M/s National Project Construction Corporation Limited (NPCCL),M/s WAPCOS Limited,12.765957446808507,0.117
Shree Ram Constructions Pvt Ltd,Tata Power,24.242424242424242,0.117
Konkan IDC,Ram Constructions Bihar,30.303030303030297,0.116
BCCI / Mumbai Cricket Association,Western Coalfields Ltd,24.489795918367353,0.115
M/s CRISIL Risk and Infrastructure Solutions Limited,Vidarbha IDC,23.076923076923073,0.115
MSEDCL,Sahara Adventure Sports Ltd (IPL franchisee),6.896551724137934,0.114
M/s Jai Laxmi Agro Foods Pvt. Ltd,S R Constructions,27.027027027027028,0.114
Konkan IDC,Sharma Infrastructure Projects Private Limited,25.0,0.114
M/s Huntsman International (I) Pvt. Ltd.,S R Constructions,41.02564102564102,0.114
S R Constructions,Spanco Nagpur Discom Ltd (MSEDCL franchisee),37.83783783783784,0.113
M/s Huntsman International (I) Pvt. Ltd.,"M/s Public Works Department, Panaji, Goa",32.14285714285714,0.113
M/s CRISIL Risk and Infrastructure Solutions Limited,M/s Lulu International Shopping Mall,36.111111111111114,0.113
Kalyan Dombivli Municipal Corporation,Sharma Infrastructure Projects Private Limited,26.865671641791046,0.113
"M/s Krisnaa Diagnostics Pvt. Ltd., Jaipur",MCGM,6.666666666666665,0.112
M/s National Project Construction Corporation Limited (NPCCL),M/s Rohan Dyes & Intermediates Ltd.,30.76923076923077,0.112
M/s Garware Wall Ropes Pvt. Ltd,M/s TCS,9.523809523809524,0.112
BEST,Maharashtra State Power Generation Co Ltd,15.789473684210531,0.112
M/s Huntsman International (I) Pvt. Ltd.,Shree Ram Constructions Pvt Ltd,40.0,0.112
Kalyan Dombivli Municipal Corporation,M/s Mastek Ltd,13.953488372093027,0.111
Kalyan Dombivli Municipal Corporation,M/s CRISIL Risk and Infrastructure Solutions Limited,28.57142857142857,0.111
Kalyan Dombivli Municipal Corporation,"M/s Mastek Ltd (software developer, 2001)",13.953488372093027,0.111
M/s CRISIL Risk and Infrastructure Solutions Limited,Vidarbha Cricket Association,32.35294117647059,0.11
M/s Zafza Mumbai Business Park (India) Pvt Ltd,MSEDCL,12.5,0.11
M/s TCS,Ram Constructions Bihar,23.076923076923073,0.11
"M/s Krisnaa Diagnostics Pvt. Ltd., Jaipur",Ram Constructions UP,34.78260869565217,0.11
M/s WAPCOS Limited (Project Management Consultant),Sahara Adventure Sports Ltd (IPL franchisee),27.586206896551722,0.11
M/s Garware Wall Ropes Pvt. Ltd,Maharashtra Krishna Valley Development Corp,32.786885245901644,0.11
BEST,M/s CRISIL Risk and Infrastructure Solutions Limited,13.636363636363635,0.11
M/s Rohan Dyes & Intermediates Ltd.,Municipal Corporation of Greater Mumbai,31.746031746031743,0.11
M/s Embassy One Developers Private Limited,M/s Impulse Microelectronics Pvt Ltd,30.434782608695656,0.11
Sahara Adventure Sports Ltd (IPL franchisee),WAPCOS Ltd,27.586206896551722,0.11
M/s WAPCOS Limited,Sahara Adventure Sports Ltd (IPL franchisee),27.586206896551722,0.11
M/s ECIL,M/s Gayathri Hatchery-I,17.391304347826086,0.109
MSEDCL,Tata Consultancy Services Ltd,19.354838709677423,0.109
Central Railway,Uttar Pradesh Development System Corporation Limited (UPDESCO),27.118644067796616,0.109
Karnala Mahila Readymade Garment & Vastra Udyog Industrial Co-op Society (purchasers),MCGM,8.450704225352112,0.109
"M/s ECIL (infrastructure, 2005)",M/s Gayathri Hatchery-I,17.391304347826086,0.109
BEST,Sahara Adventure Sports Ltd (IPL franchisee),22.22222222222222,0.109
Karnala Mahila Readymade Garment & Vastra Udyog Industrial Co-op Society (purchasers),"M/s Mastek Ltd (software developer, 2001)",10.95890410958904,0.108
Karnala Mahila Readymade Garment & Vastra Udyog Industrial Co-op Society (purchasers),M/s Mastek Ltd,10.95890410958904,0.108
Kalyan Dombivli Municipal Corporation,Reliance Infrastructure,30.000000000000004,0.107
Kalyan Dombivli Municipal Corporation,Reliance Infrastructure Ltd (supplier),30.000000000000004,0.107
Kalyan Dombivli Municipal Corporation,M/s Punj Lloyd Ltd.,25.531914893617024,0.107
Ram Constructions Bihar,Tapi IDC,25.806451612903224,0.106
Karnala Mahila Readymade Garment & Vastra Udyog Industrial Co-op Society (purchasers),Ram Constructions UP,27.586206896551722,0.106
BEST,Godavari Marathwada IDC,7.4074074074074066,0.106
Konkan IDC,Shree Ram Constructions Pvt Ltd,24.242424242424242,0.106
M/s ECIL,M/s Embassy One Developers Private Limited,15.384615384615385,0.105
Karnala Mahila Readymade Garment & Vastra Udyog Industrial Co-op Society (purchasers),S R Constructions,23.809523809523814,0.105
M/s WAPCOS Limited,Uttar Pradesh Development System Corporation Limited (UPDESCO),12.0,0.105
M/s Goa State Infrastructure Development Corporation,M/s Impulse Microelectronics Pvt Ltd,30.555555555555557,0.105
Kalyan Dombivli Municipal Corporation,Shree Ram Constructions Pvt Ltd,33.333333333333336,0.105
M/s WAPCOS Limited (Project Management Consultant),Uttar Pradesh Development System Corporation Limited (UPDESCO),12.0,0.105
Uttar Pradesh Development System Corporation Limited (UPDESCO),WAPCOS Ltd,12.0,0.105
"M/s ECIL (infrastructure, 2005)",M/s Embassy One Developers Private Limited,15.384615384615385,0.105
M/s Embassy One Developers Private Limited,"M/s TRIF, Kochi",12.5,0.104
Mira Bhayandar Municipal Corporation,Western Coalfields Ltd,25.92592592592593,0.104
MCGM,Tata Consultancy Services Ltd,6.896551724137934,0.104
Sahara Adventure Sports Ltd (IPL franchisee),Tapi IDC,25.806451612903224,0.104
"M/s Public Works Department, Panaji, Goa",Reliance Infrastructure Ltd (supplier),28.07017543859649,0.104
"M/s Public Works Department, Panaji, Goa",Reliance Infrastructure,28.07017543859649,0.104
M/s CRISIL Risk and Infrastructure Solutions Limited,M/s Garware Wall Ropes Pvt. Ltd,34.48275862068966,0.104
M/s Jai Laxmi Agro Foods Pvt. Ltd,Tapi IDC,28.57142857142857,0.103
"M/s Public Works Department, Panaji, Goa",Vidarbha Cricket Association,29.032258064516125,0.103
M/s Rohan Dyes & Intermediates Ltd.,Uttar Pradesh Development System Corporation Limited (UPDESCO),29.411764705882348,0.103
ICICI Bank (attached/sold property),Uttar Pradesh Development System Corporation Limited (UPDESCO),11.111111111111116,0.102
M/s Lulu International Shopping Mall,Vidarbha Cricket Association,33.333333333333336,0.102
Spanco Nagpur Discom Ltd (MSEDCL franchisee),Vidarbha Cricket Association,29.166666666666664,0.102
"M/s Krisnaa Diagnostics Pvt. Ltd., Jaipur",Tata Power,27.77777777777778,0.102
Karnala Mahila Readymade Garment & Vastra Udyog Industrial Co-op Society (purchasers),Western Coalfields Ltd,23.529411764705888,0.102
BEST,M/s Haldia Petrochemicals,16.000000000000004,0.102
BEST,Karnala Mahila Readymade Garment & Vastra Udyog Industrial Co-op Society (purchasers),8.450704225352112,0.102
Sharma Infrastructure Projects Private Limited,Tapi IDC,26.315789473684216,0.101
BEST,M/s Lulu International Shopping Mall,11.111111111111116,0.101
M/s Rohan Dyes & Intermediates Ltd.,Tapi IDC,25.0,0.101
M/s CRISIL Risk and Infrastructure Solutions Limited,M/s Gayathri Hatchery-I,37.28813559322034,0.1
M/s Sharma Infra Projects Pvt. Ltd.,MEDA (implementing agency),16.000000000000004,0.1
M/s TCS,Maharashtra Krishna Valley Development Corp,8.695652173913048,0.099
M/s Haldia Petrochemicals,Spanco Nagpur Discom Ltd (MSEDCL franchisee),29.268292682926834,0.098
M/s Mastek Ltd,Maharashtra Krishna Valley Development Corp,20.408163265306122,0.098
BCCI / Mumbai Cricket Association,S R Constructions,37.5,0.098
"M/s Mastek Ltd (software developer, 2001)",Maharashtra Krishna Valley Development Corp,20.408163265306122,0.098
M/s Sharma Infra Projects Pvt. Ltd.,"M/s TRIF, Kochi",25.806451612903224,0.097
BEST,M/s Embassy One Developers Private Limited,15.384615384615385,0.097
M/s Embassy One Developers Private Limited,Rail India Technical and Economic Service Limited (RITES),25.396825396825395,0.097
M/s Garware Wall Ropes Pvt. Ltd,M/s Zafza Mumbai Business Park (India) Pvt Ltd,22.72727272727273,0.097
Reliance Infrastructure,Spanco Nagpur Discom Ltd (MSEDCL franchisee),41.860465116279066,0.097
Reliance Infrastructure Ltd (supplier),Spanco Nagpur Discom Ltd (MSEDCL franchisee),41.860465116279066,0.097
MSEDCL,Uttar Pradesh Development System Corporation Limited (UPDESCO),12.0,0.097
Central Railway,Karnala Mahila Readymade Garment & Vastra Udyog Industrial Co-op Society (purchasers),31.707317073170728,0.097
Central Railway,M/s Jai Laxmi Agro Foods Pvt. Ltd,34.285714285714285,0.096
Konkan IDC,Sahara Adventure Sports Ltd (IPL franchisee),18.181818181818176,0.096
Shree Ram Constructions Pvt Ltd,WAPCOS Ltd,20.68965517241379,0.095
M/s CRISIL Risk and Infrastructure Solutions Limited,Spanco Nagpur Discom Ltd (MSEDCL franchisee),36.66666666666667,0.095
Karnala Mahila Readymade Garment & Vastra Udyog Industrial Co-op Society (purchasers),Western Railway,26.82926829268293,0.095
M/s WAPCOS Limited (Project Management Consultant),Shree Ram Constructions Pvt Ltd,20.68965517241379,0.095
M/s WAPCOS Limited,Shree Ram Constructions Pvt Ltd,20.68965517241379,0.095
M/s Jai Laxmi Agro Foods Pvt. Ltd,MCGM,16.666666666666664,0.095
M/s Jai Laxmi Agro Foods Pvt. Ltd,WAPCOS Ltd,23.076923076923073,0.094
M/s Rohan Dyes & Intermediates Ltd.,Thane Municipal Corporation,35.29411764705882,0.094
M/s Jai Laxmi Agro Foods Pvt. Ltd,M/s WAPCOS Limited,23.076923076923073,0.094
M/s Jai Laxmi Agro Foods Pvt. Ltd,Mira Bhayandar Municipal Corporation,39.28571428571429,0.094
M/s Jai Laxmi Agro Foods Pvt. Ltd,M/s WAPCOS Limited (Project Management Consultant),23.076923076923073,0.094
Konkan IDC,M/s Garware Wall Ropes Pvt. Ltd,21.42857142857143,0.094
Karnala Mahila Readymade Garment & Vastra Udyog Industrial Co-op Society (purchasers),Tata Consultancy Services Ltd,30.434782608695656,0.093
"M/s Public Works Department, Panaji, Goa","M/s TRIF, Kochi",18.181818181818176,0.093
M/s Punj Lloyd Ltd.,Shree Ram Construction Co.,18.75,0.093
M/s Gayathri Hatchery-I,MEDA (implementing agency),8.695652173913048,0.093
M/s Jai Laxmi Agro Foods Pvt. Ltd,Reliance Infrastructure Ltd (supplier),23.25581395348837,0.093
"M/s Public Works Department, Panaji, Goa",Tapi IDC,23.809523809523814,0.093
M/s Lulu International Shopping Mall,M/s TCS,11.428571428571432,0.093
M/s Jai Laxmi Agro Foods Pvt. Ltd,Reliance Infrastructure,23.25581395348837,0.093
Maharashtra Krishna Valley Development Corp,Spanco Nagpur Discom Ltd (MSEDCL franchisee),28.57142857142857,0.092
M/s Gayathri Hatchery-I,MSEDCL,7.9999999999999964,0.092
"M/s ECIL (infrastructure, 2005)","M/s Krisnaa Diagnostics Pvt. Ltd., Jaipur",13.33333333333333,0.092
M/s ECIL,"M/s Krisnaa Diagnostics Pvt. Ltd., Jaipur",13.33333333333333,0.092
M/s Goa State Infrastructure Development Corporation,"M/s TRIF, Kochi",20.68965517241379,0.092
M/s Goa State Infrastructure Development Corporation,M/s TCS,11.764705882352944,0.092
M/s Jai Laxmi Agro Foods Pvt. Ltd,M/s National Project Construction Corporation Limited (NPCCL),32.786885245901644,0.091
M/s Lulu International Shopping Mall,Shree Ram Construction Co.,44.44444444444444,0.091
BEST,Sharma Infrastructure Projects Private Limited,11.764705882352944,0.091
M/s Impulse Microelectronics Pvt Ltd,MEDA (implementing agency),14.28571428571429,0.091
MSEDCL,Ram Constructions UP,15.384615384615385,0.09
"M/s TRIF, Kochi",Rail India Technical and Economic Service Limited (RITES),23.529411764705888,0.09
M/s Punj Lloyd Ltd.,Tata Consultancy Services Ltd,17.14285714285714,0.09
M/s Garware Wall Ropes Pvt. Ltd,Tapi IDC,15.384615384615385,0.09
M/s Goa State Infrastructure Development Corporation,M/s Huntsman International (I) Pvt. Ltd.,28.57142857142857,0.09
M/s Rohan Dyes & Intermediates Ltd.,MCGM,7.14285714285714,0.089
M/s Rohan Dyes & Intermediates Ltd.,MEDA (implementing agency),28.57142857142857,0.089
"M/s Mastek Ltd (software developer, 2001)",Sharma Infrastructure Projects Private Limited,22.22222222222222,0.089
ICICI Bank (attached/sold property),Maharashtra State Power Generation Co Ltd,13.636363636363635,0.089
M/s Mastek Ltd,Sharma Infrastructure Projects Private Limited,22.22222222222222,0.089
M/s Lulu International Shopping Mall,Reliance Infrastructure,40.0,0.088
M/s Lulu International Shopping Mall,Reliance Infrastructure Ltd (supplier),40.0,0.088
Kalyan Dombivli Municipal Corporation,M/s Sharma Infra Projects Pvt. Ltd.,27.586206896551722,0.088
M/s CRISIL Risk and Infrastructure Solutions Limited,M/s Rohan Dyes & Intermediates Ltd.,40.625,0.088
M/s Lulu International Shopping Mall,"M/s Mastek Ltd (software developer, 2001)",15.789473684210531,0.088
M/s Lulu International Shopping Mall,M/s Mastek Ltd,15.789473684210531,0.088
Maharashtra Krishna Valley Development Corp,Tata Power,30.188679245283023,0.088
BEST,M/s Jai Laxmi Agro Foods Pvt. Ltd,8.333333333333337,0.088
M/s Surya Vamsi Shrimp Hatcheries,Western Railway,22.72727272727273,0.087
M/s Huntsman International (I) Pvt. Ltd.,Uttar Pradesh Development System Corporation Limited (UPDESCO),27.27272727272727,0.087
"M/s TRIF, Kochi",Sharma Infrastructure Projects Private Limited,19.999999999999996,0.087
M/s CRISIL Risk and Infrastructure Solutions Limited,M/s Jai Laxmi Agro Foods Pvt. Ltd,33.333333333333336,0.086
M/s Mastek Ltd,Mira Bhayandar Municipal Corporation,9.523809523809524,0.086
M/s Lulu International Shopping Mall,S R Constructions,40.816326530612244,0.086
"M/s Mastek Ltd (software developer, 2001)",Mira Bhayandar Municipal Corporation,9.523809523809524,0.086
M/s Punj Lloyd Ltd.,M/s Sharma Infra Projects Pvt. Ltd.,19.354838709677423,0.086
M/s Haldia Petrochemicals,M/s Lulu International Shopping Mall,30.188679245283023,0.085
M/s Lulu International Shopping Mall,Western Railway,34.04255319148937,0.085
M/s Punj Lloyd Ltd.,Municipal Corporation of Greater Mumbai,16.326530612244895,0.085
M/s Punj Lloyd Ltd.,Uttar Pradesh Development System Corporation Limited (UPDESCO),18.518518518518523,0.085
M/s Lulu International Shopping Mall,Maharashtra State Power Generation Co Ltd,42.42424242424242,0.085
M/s CRISIL Risk and Infrastructure Solutions Limited,WAPCOS Ltd,17.391304347826086,0.085
M/s Impulse Microelectronics Pvt Ltd,M/s Zafza Mumbai Business Park (India) Pvt Ltd,28.000000000000004,0.085
M/s TCS,Mira Bhayandar Municipal Corporation,10.256410256410254,0.085
M/s Huntsman International (I) Pvt. Ltd.,M/s Impulse Microelectronics Pvt Ltd,34.78260869565217,0.085
M/s CRISIL Risk and Infrastructure Solutions Limited,M/s WAPCOS Limited (Project Management Consultant),17.391304347826086,0.085
M/s Garware Wall Ropes Pvt. Ltd,MSEDCL,16.666666666666664,0.085
M/s CRISIL Risk and Infrastructure Solutions Limited,M/s WAPCOS Limited,17.391304347826086,0.085
M/s Impulse Microelectronics Pvt Ltd,M/s Jai Laxmi Agro Foods Pvt. Ltd,22.72727272727273,0.084
M/s CRISIL Risk and Infrastructure Solutions Limited,M/s Huntsman International (I) Pvt. Ltd.,38.70967741935484,0.084
Kalyan Dombivli Municipal Corporation,S R Constructions,33.333333333333336,0.083
M/s Rohan Dyes & Intermediates Ltd.,S R Constructions,34.14634146341463,0.082
Karnala Mahila Readymade Garment & Vastra Udyog Industrial Co-op Society (purchasers),Konkan IDC,15.58441558441559,0.082
"M/s TRIF, Kochi",Maharashtra Krishna Valley Development Corp,18.867924528301884,0.082
M/s TCS,M/s Zafza Mumbai Business Park (India) Pvt Ltd,6.896551724137934,0.082
M/s Punj Lloyd Ltd.,Rail India Technical and Economic Service Limited (RITES),15.686274509803921,0.081
BEST,M/s Garware Wall Ropes Pvt. Ltd,18.181818181818176,0.081
M/s Goa State Infrastructure Development Corporation,MSEDCL,11.111111111111116,0.08
BCCI / Mumbai Cricket Association,Tata Power,19.512195121951216,0.08
M/s Gayathri Hatchery-I,Rail India Technical and Economic Service Limited (RITES),30.000000000000004,0.08
BEST,M/s Surya Vamsi Shrimp Hatcheries,12.121212121212121,0.08
BCCI / Mumbai Cricket Association,M/s Rohan Dyes & Intermediates Ltd.,29.09090909090909,0.079
M/s Garware Wall Ropes Pvt. Ltd,M/s Impulse Microelectronics Pvt Ltd,28.57142857142857,0.079
M/s Zafza Mumbai Business Park (India) Pvt Ltd,Tapi IDC,23.529411764705888,0.079
BEST,M/s Impulse Microelectronics Pvt Ltd,14.28571428571429,0.079
BCCI / Mumbai Cricket Association,M/s Sharma Infra Projects Pvt. Ltd.,34.61538461538461,0.079
Maharashtra State Power Generation Co Ltd,Tapi IDC,23.809523809523814,0.079
Konkan IDC,Uttar Pradesh Development System Corporation Limited (UPDESCO),18.518518518518523,0.078
Konkan IDC,"M/s Public Works Department, Panaji, Goa",22.72727272727273,0.078
M/s Jai Laxmi Agro Foods Pvt. Ltd,Tata Consultancy Services Ltd,26.66666666666667,0.078
M/s Rohan Dyes & Intermediates Ltd.,M/s Zafza Mumbai Business Park (India) Pvt Ltd,36.0,0.078
M/s Impulse Microelectronics Pvt Ltd,M/s Mastek Ltd,19.999999999999996,0.078
M/s Impulse Microelectronics Pvt Ltd,"M/s Mastek Ltd (software developer, 2001)",19.999999999999996,0.078
ICICI Bank (attached/sold property),Sahara Adventure Sports Ltd (IPL franchisee),18.181818181818176,0.077
"M/s Public Works Department, Panaji, Goa",MEDA (implementing agency),15.789473684210531,0.077
M/s Zafza Mumbai Business Park (India) Pvt Ltd,S R Constructions,32.55813953488372,0.077
Konkan IDC,Maharashtra State Power Generation Co Ltd,18.181818181818176,0.077
M/s CRISIL Risk and Infrastructure Solutions Limited,Thane Municipal Corporation,32.83582089552238,0.076
Mira Bhayandar Municipal Corporation,Spanco Nagpur Discom Ltd (MSEDCL franchisee),32.14285714285714,0.076
M/s Embassy One Developers Private Limited,M/s Punj Lloyd Ltd.,31.25,0.076
M/s Gayathri Hatchery-I,M/s Impulse Microelectronics Pvt Ltd,27.906976744186053,0.076
M/s CRISIL Risk and Infrastructure Solutions Limited,M/s Zafza Mumbai Business Park (India) Pvt Ltd,27.27272727272727,0.076
M/s ECIL,M/s Garware Wall Ropes Pvt. Ltd,18.181818181818176,0.075
"M/s ECIL (infrastructure, 2005)",M/s Garware Wall Ropes Pvt. Ltd,18.181818181818176,0.075
M/s Gayathri Hatchery-I,Uttar Pradesh Development System Corporation Limited (UPDESCO),25.396825396825395,0.075
M/s CRISIL Risk and Infrastructure Solutions Limited,Municipal Corporation of Greater Mumbai,35.44303797468354,0.075
Kalyan Dombivli Municipal Corporation,MEDA (implementing agency),9.756097560975608,0.075
M/s CRISIL Risk and Infrastructure Solutions Limited,"M/s Public Works Department, Panaji, Goa",32.432432432432435,0.075
M/s Huntsman International (I) Pvt. Ltd.,Ram Constructions UP,42.85714285714286,0.075
M/s CRISIL Risk and Infrastructure Solutions Limited,MCGM,4.545454545454541,0.074
M/s WAPCOS Limited (Project Management Consultant),Rail India Technical and Economic Service Limited (RITES),17.021276595744684,0.074
Karnala Mahila Readymade Garment & Vastra Udyog Industrial Co-op Society (purchasers),M/s Impulse Microelectronics Pvt Ltd,28.57142857142857,0.074
M/s WAPCOS Limited,Rail India Technical and Economic Service Limited (RITES),17.021276595744684,0.074
M/s Lulu International Shopping Mall,Shree Ram Constructions Pvt Ltd,43.63636363636364,0.074
Rail India Technical and Economic Service Limited (RITES),WAPCOS Ltd,17.021276595744684,0.074
M/s Goa State Infrastructure Development Corporation,M/s Punj Lloyd Ltd.,13.793103448275868,0.074
M/s Rohan Dyes & Intermediates Ltd.,MSEDCL,19.999999999999996,0.074
Konkan IDC,M/s Jai Laxmi Agro Foods Pvt. Ltd,19.999999999999996,0.073
M/s ECIL,Mira Bhayandar Municipal Corporation,15.000000000000002,0.073
"M/s ECIL (infrastructure, 2005)",Mira Bhayandar Municipal Corporation,15.000000000000002,0.073
M/s Jai Laxmi Agro Foods Pvt. Ltd,MSEDCL,15.384615384615385,0.072
MEDA (implementing agency),Vidarbha Cricket Association,18.75,0.072
"M/s Mastek Ltd (software developer, 2001)","M/s Public Works Department, Panaji, Goa",19.999999999999996,0.072
M/s Mastek Ltd,"M/s Public Works Department, Panaji, Goa",19.999999999999996,0.072
Shree Ram Construction Co.,Tapi IDC,19.999999999999996,0.071
M/s Punj Lloyd Ltd.,Ram Constructions Bihar,18.181818181818176,0.071
Tapi IDC,Uttar Pradesh Development System Corporation Limited (UPDESCO),19.23076923076923,0.071
M/s Impulse Microelectronics Pvt Ltd,Tata Consultancy Services Ltd,32.6530612244898,0.071
Karnala Mahila Readymade Garment & Vastra Udyog Industrial Co-op Society (purchasers),Tapi IDC,16.000000000000004,0.07
MEDA (implementing agency),S R Constructions,0.0,0.069
M/s Rohan Dyes & Intermediates Ltd.,M/s WAPCOS Limited,13.33333333333333,0.068
M/s Rohan Dyes & Intermediates Ltd.,M/s WAPCOS Limited (Project Management Consultant),13.33333333333333,0.068
"M/s ECIL (infrastructure, 2005)",Western Coalfields Ltd,27.27272727272727,0.068
Maharashtra State Power Generation Co Ltd,Spanco Nagpur Discom Ltd (MSEDCL franchisee),33.333333333333336,0.068
"M/s Public Works Department, Panaji, Goa",MCGM,10.526315789473683,0.068
M/s Rohan Dyes & Intermediates Ltd.,WAPCOS Ltd,13.33333333333333,0.068
M/s ECIL,Western Coalfields Ltd,27.27272727272727,0.068
M/s Gayathri Hatchery-I,M/s WAPCOS Limited (Project Management Consultant),16.000000000000004,0.067
M/s Gayathri Hatchery-I,WAPCOS Ltd,16.000000000000004,0.067
M/s Gayathri Hatchery-I,M/s WAPCOS Limited,16.000000000000004,0.067
"M/s Public Works Department, Panaji, Goa",M/s TCS,16.216216216216218,0.066
M/s Jai Laxmi Agro Foods Pvt. Ltd,M/s Mastek Ltd,15.384615384615385,0.066
M/s Jai Laxmi Agro Foods Pvt. Ltd,"M/s Mastek Ltd (software developer, 2001)",15.384615384615385,0.066
MEDA (implementing agency),Shree Ram Construction Co.,15.384615384615385,0.064
"M/s TRIF, Kochi",Mira Bhayandar Municipal Corporation,21.739130434782606,0.063
BEST,Ram Constructions Bihar,22.22222222222222,0.062
M/s Mastek Ltd,M/s Zafza Mumbai Business Park (India) Pvt Ltd,18.75,0.062
M/s Punj Lloyd Ltd.,Sahara Adventure Sports Ltd (IPL franchisee),18.181818181818176,0.062
"M/s Mastek Ltd (software developer, 2001)",M/s Zafza Mumbai Business Park (India) Pvt Ltd,18.75,0.062
M/s ECIL,M/s Rohan Dyes & Intermediates Ltd.,14.28571428571429,0.062
"M/s ECIL (infrastructure, 2005)",M/s Rohan Dyes & Intermediates Ltd.,14.28571428571429,0.062
MCGM,Rail India Technical and Economic Service Limited (RITES),8.888888888888891,0.062
M/s ECIL,M/s Goa State Infrastructure Development Corporation,11.538461538461542,0.061
M/s Rohan Dyes & Intermediates Ltd.,Reliance Infrastructure Ltd (supplier),42.553191489361694,0.061
M/s Rohan Dyes & Intermediates Ltd.,Reliance Infrastructure,42.553191489361694,0.061
"M/s Krisnaa Diagnostics Pvt. Ltd., Jaipur","M/s Mastek Ltd (software developer, 2001)",25.0,0.061
"M/s ECIL (infrastructure, 2005)",M/s Goa State Infrastructure Development Corporation,11.538461538461542,0.061
"M/s Krisnaa Diagnostics Pvt. Ltd., Jaipur",M/s Mastek Ltd,25.0,0.061
"M/s Mastek Ltd (software developer, 2001)",M/s Surya Vamsi Shrimp Hatcheries,17.14285714285714,0.06
MEDA (implementing agency),Uttar Pradesh Development System Corporation Limited (UPDESCO),16.666666666666664,0.06
M/s Mastek Ltd,M/s Surya Vamsi Shrimp Hatcheries,17.14285714285714,0.06
Shree Ram Constructions Pvt Ltd,Tapi IDC,19.354838709677423,0.06
M/s Goa State Infrastructure Development Corporation,M/s Surya Vamsi Shrimp Hatcheries,28.57142857142857,0.06
M/s Surya Vamsi Shrimp Hatcheries,Thane Municipal Corporation,32.14285714285714,0.059
M/s Embassy One Developers Private Limited,Tata Power,31.25,0.058
M/s CRISIL Risk and Infrastructure Solutions Limited,M/s Embassy One Developers Private Limited,32.25806451612904,0.058
ICICI Bank (attached/sold property),M/s Surya Vamsi Shrimp Hatcheries,20.512820512820518,0.058
M/s CRISIL Risk and Infrastructure Solutions Limited,Mira Bhayandar Municipal Corporation,39.473684210526315,0.058
M/s Embassy One Developers Private Limited,M/s Jai Laxmi Agro Foods Pvt. Ltd,23.809523809523814,0.058
MEDA (implementing agency),Ram Constructions UP,8.333333333333337,0.057
M/s Punj Lloyd Ltd.,Shree Ram Constructions Pvt Ltd,18.181818181818176,0.056
M/s Punj Lloyd Ltd.,M/s Zafza Mumbai Business Park (India) Pvt Ltd,11.111111111111116,0.056
M/s WAPCOS Limited (Project Management Consultant),Shree Ram Construction Co.,21.42857142857143,0.056
Shree Ram Construction Co.,WAPCOS Ltd,21.42857142857143,0.056
M/s Lulu International Shopping Mall,Western Coalfields Ltd,28.000000000000004,0.056
M/s WAPCOS Limited,Shree Ram Construction Co.,21.42857142857143,0.056
M/s Mastek Ltd,Vidarbha Cricket Association,23.529411764705888,0.056
M/s Surya Vamsi Shrimp Hatcheries,Vidarbha IDC,24.390243902439025,0.056
"M/s Mastek Ltd (software developer, 2001)",Vidarbha Cricket Association,23.529411764705888,0.056
Karnala Mahila Readymade Garment & Vastra Udyog Industrial Co-op Society (purchasers),M/s Huntsman International (I) Pvt. Ltd.,26.96629213483146,0.056
MEDA (implementing agency),Spanco Nagpur Discom Ltd (MSEDCL franchisee),16.666666666666664,0.056
"M/s ECIL (infrastructure, 2005)",M/s Jai Laxmi Agro Foods Pvt. Ltd,16.666666666666664,0.055
"M/s ECIL (infrastructure, 2005)",Sahara Adventure Sports Ltd (IPL franchisee),7.4074074074074066,0.055
M/s ECIL,M/s Jai Laxmi Agro Foods Pvt. Ltd,16.666666666666664,0.055
M/s ECIL,Sahara Adventure Sports Ltd (IPL franchisee),7.4074074074074066,0.055
Rail India Technical and Economic Service Limited (RITES),Ram Constructions UP,32.786885245901644,0.055
MEDA (implementing agency),Sharma Infrastructure Projects Private Limited,11.764705882352944,0.052
M/s National Project Construction Corporation Limited (NPCCL),MEDA (implementing agency),4.444444444444439,0.052
M/s ECIL,Shree Ram Construction Co.,15.384615384615385,0.051
M/s Surya Vamsi Shrimp Hatcheries,Rail India Technical and Economic Service Limited (RITES),31.428571428571427,0.051
"M/s ECIL (infrastructure, 2005)",Shree Ram Construction Co.,15.384615384615385,0.051
Konkan IDC,M/s Zafza Mumbai Business Park (India) Pvt Ltd,22.22222222222222,0.051
"M/s Mastek Ltd (software developer, 2001)",Sahara Adventure Sports Ltd (IPL franchisee),20.68965517241379,0.049
M/s Mastek Ltd,Sahara Adventure Sports Ltd (IPL franchisee),20.68965517241379,0.049
M/s WAPCOS Limited (Project Management Consultant),Maharashtra Krishna Valley Development Corp,12.244897959183676,0.047
"M/s Krisnaa Diagnostics Pvt. Ltd., Jaipur",WAPCOS Ltd,18.75,0.047
"M/s Krisnaa Diagnostics Pvt. Ltd., Jaipur",M/s WAPCOS Limited,18.75,0.047
M/s WAPCOS Limited,Maharashtra Krishna Valley Development Corp,12.244897959183676,0.047
Konkan IDC,Maharashtra Krishna Valley Development Corp,22.64150943396226,0.047
M/s Mastek Ltd,Uttar Pradesh Development System Corporation Limited (UPDESCO),19.999999999999996,0.047
"M/s Krisnaa Diagnostics Pvt. Ltd., Jaipur",M/s WAPCOS Limited (Project Management Consultant),18.75,0.047
Maharashtra Krishna Valley Development Corp,WAPCOS Ltd,12.244897959183676,0.047
"M/s Mastek Ltd (software developer, 2001)",Uttar Pradesh Development System Corporation Limited (UPDESCO),19.999999999999996,0.047
"M/s ECIL (infrastructure, 2005)",Uttar Pradesh Development System Corporation Limited (UPDESCO),12.5,0.045
M/s Goa State Infrastructure Development Corporation,MEDA (implementing agency),11.538461538461542,0.045
M/s ECIL,Uttar Pradesh Development System Corporation Limited (UPDESCO),12.5,0.045
ICICI Bank (attached/sold property),Maharashtra Krishna Valley Development Corp,11.32075471698113,0.045
ICICI Bank (attached/sold property),M/s Rohan Dyes & Intermediates Ltd.,17.647058823529417,0.044
MSEDCL,Ram Constructions Bihar,13.793103448275868,0.044
BEST,Shree Ram Construction Co.,15.384615384615385,0.043
M/s Huntsman International (I) Pvt. Ltd.,M/s Surya Vamsi Shrimp Hatcheries,31.372549019607842,0.042
M/s Embassy One Developers Private Limited,MEDA (implementing agency),15.384615384615385,0.041
M/s ECIL,M/s Sharma Infra Projects Pvt. Ltd.,16.000000000000004,0.041
"M/s ECIL (infrastructure, 2005)",M/s Sharma Infra Projects Pvt. Ltd.,16.000000000000004,0.041
Indian Railways,M/s Surya Vamsi Shrimp Hatcheries,31.818181818181824,0.04
"M/s ECIL (infrastructure, 2005)",Ram Constructions Bihar,14.814814814814813,0.04
M/s ECIL,Ram Constructions Bihar,14.814814814814813,0.04
Sahara Adventure Sports Ltd (IPL franchisee),Thane Municipal Corporation,24.0,0.04
"M/s ECIL (infrastructure, 2005)",Ram Constructions UP,16.666666666666664,0.039
M/s WAPCOS Limited (Project Management Consultant),Maharashtra State Power Generation Co Ltd,19.999999999999996,0.039
M/s WAPCOS Limited,Maharashtra State Power Generation Co Ltd,19.999999999999996,0.039
Karnala Mahila Readymade Garment & Vastra Udyog Industrial Co-op Society (purchasers),M/s WAPCOS Limited (Project Management Consultant),13.698630136986301,0.039
Karnala Mahila Readymade Garment & Vastra Udyog Industrial Co-op Society (purchasers),WAPCOS Ltd,13.698630136986301,0.039
M/s Surya Vamsi Shrimp Hatcheries,State Bank of India,25.0,0.039
Karnala Mahila Readymade Garment & Vastra Udyog Industrial Co-op Society (purchasers),M/s WAPCOS Limited,13.698630136986301,0.039
Maharashtra State Power Generation Co Ltd,WAPCOS Ltd,19.999999999999996,0.039
M/s ECIL,Ram Constructions UP,16.666666666666664,0.039
Karnala Mahila Readymade Garment & Vastra Udyog Industrial Co-op Society (purchasers),Reliance Infrastructure,26.66666666666667,0.038
"M/s ECIL (infrastructure, 2005)",Tata Consultancy Services Ltd,13.793103448275868,0.038
Karnala Mahila Readymade Garment & Vastra Udyog Industrial Co-op Society (purchasers),Reliance Infrastructure Ltd (supplier),26.66666666666667,0.038
M/s ECIL,Tata Consultancy Services Ltd,13.793103448275868,0.038
MEDA (implementing agency),Ram Constructions Bihar,7.4074074074074066,0.037
M/s National Project Construction Corporation Limited (NPCCL),M/s Surya Vamsi Shrimp Hatcheries,31.428571428571427,0.036
"M/s Mastek Ltd (software developer, 2001)",M/s Sharma Infra Projects Pvt. Ltd.,14.814814814814813,0.036
M/s Mastek Ltd,M/s Sharma Infra Projects Pvt. Ltd.,14.814814814814813,0.036
Karnala Mahila Readymade Garment & Vastra Udyog Industrial Co-op Society (purchasers),M/s CRISIL Risk and Infrastructure Solutions Limited,33.64485981308412,0.036
M/s Surya Vamsi Shrimp Hatcheries,MEDA (implementing agency),12.121212121212121,0.035
Karnala Mahila Readymade Garment & Vastra Udyog Industrial Co-op Society (purchasers),M/s Punj Lloyd Ltd.,18.181818181818176,0.035
M/s Garware Wall Ropes Pvt. Ltd,MEDA (implementing agency),18.181818181818176,0.034
M/s Surya Vamsi Shrimp Hatcheries,MCGM,12.121212121212121,0.032
M/s Garware Wall Ropes Pvt. Ltd,Uttar Pradesh Development System Corporation Limited (UPDESCO),29.032258064516125,0.032
M/s Lulu International Shopping Mall,M/s WAPCOS Limited,15.789473684210531,0.031
M/s Lulu International Shopping Mall,WAPCOS Ltd,15.789473684210531,0.031
M/s Lulu International Shopping Mall,M/s WAPCOS Limited (Project Management Consultant),15.789473684210531,0.031
M/s Lulu International Shopping Mall,Tata Power,23.809523809523814,0.029
MCGM,Uttar Pradesh Development System Corporation Limited (UPDESCO),8.333333333333337,0.028
Municipal Corporation of Greater Mumbai,Sahara Adventure Sports Ltd (IPL franchisee),32.25806451612904,0.027
MCGM,Sahara Adventure Sports Ltd (IPL franchisee),0.0,0.026
MEDA (implementing agency),Shree Ram Constructions Pvt Ltd,14.814814814814813,0.025
"M/s TRIF, Kochi",Uttar Pradesh Development System Corporation Limited (UPDESCO),18.518518518518523,0.023
M/s Jai Laxmi Agro Foods Pvt. Ltd,Thane Municipal Corporation,29.78723404255319,0.022
M/s Rohan Dyes & Intermediates Ltd.,Tata Power,35.29411764705882,0.021
M/s Impulse Microelectronics Pvt Ltd,"M/s Public Works Department, Panaji, Goa",31.034482758620683,0.021
M/s ECIL,Shree Ram Constructions Pvt Ltd,14.814814814814813,0.02
"M/s ECIL (infrastructure, 2005)",Shree Ram Constructions Pvt Ltd,14.814814814814813,0.02
BCCI / Mumbai Cricket Association,M/s Punj Lloyd Ltd.,14.634146341463417,0.019
M/s ECIL,"M/s Public Works Department, Panaji, Goa",15.789473684210531,0.019
"M/s ECIL (infrastructure, 2005)","M/s Public Works Department, Panaji, Goa",15.789473684210531,0.019
BEST,Shree Ram Constructions Pvt Ltd,14.814814814814813,0.018
M/s Punj Lloyd Ltd.,Sharma Infrastructure Projects Private Limited,15.000000000000002,0.017
BEST,M/s Rohan Dyes & Intermediates Ltd.,21.42857142857143,0.017
M/s Lulu International Shopping Mall,Ram Constructions UP,42.307692307692314,0.016
"M/s TRIF, Kochi",Maharashtra State Power Generation Co Ltd,18.181818181818176,0.016
Mira Bhayandar Municipal Corporation,WAPCOS Ltd,14.28571428571429,0.015
M/s WAPCOS Limited,Mira Bhayandar Municipal Corporation,14.28571428571429,0.015
M/s WAPCOS Limited (Project Management Consultant),Mira Bhayandar Municipal Corporation,14.28571428571429,0.015
Karnala Mahila Readymade Garment & Vastra Udyog Industrial Co-op Society (purchasers),Spanco Nagpur Discom Ltd (MSEDCL franchisee),25.287356321839084,0.015
M/s CRISIL Risk and Infrastructure Solutions Limited,M/s Surya Vamsi Shrimp Hatcheries,37.68115942028986,0.014
M/s Surya Vamsi Shrimp Hatcheries,MSEDCL,11.428571428571432,0.013
M/s ECIL,Maharashtra Krishna Valley Development Corp,12.765957446808507,0.013
"M/s ECIL (infrastructure, 2005)",Maharashtra Krishna Valley Development Corp,12.765957446808507,0.013
Karnala Mahila Readymade Garment & Vastra Udyog Industrial Co-op Society (purchasers),"M/s TRIF, Kochi",18.181818181818176,0.008
Kalyan Dombivli Municipal Corporation,Sahara Adventure Sports Ltd (IPL franchisee),26.66666666666667,0.006
"M/s Public Works Department, Panaji, Goa",MSEDCL,15.000000000000002,0.006
M/s Punj Lloyd Ltd.,Maharashtra Krishna Valley Development Corp,15.094339622641506,0.003
Maharashtra Krishna Valley Development Corp,Tapi IDC,15.686274509803921,0.003
"M/s Krisnaa Diagnostics Pvt. Ltd., Jaipur",MEDA (implementing agency),13.33333333333333,-0.001
M/s CRISIL Risk and Infrastructure Solutions Limited,M/s Punj Lloyd Ltd.,16.000000000000004,-0.001
M/s CRISIL Risk and Infrastructure Solutions Limited,MEDA (implementing agency),9.090909090909093,-0.002
MEDA (implementing agency),Reliance Infrastructure,14.814814814814813,-0.002
MEDA (implementing agency),Reliance Infrastructure Ltd (supplier),14.814814814814813,-0.002
M/s Impulse Microelectronics Pvt Ltd,M/s Surya Vamsi Shrimp Hatcheries,26.415094339622648,-0.003
M/s Punj Lloyd Ltd.,Maharashtra State Power Generation Co Ltd,13.636363636363635,-0.004
"M/s ECIL (infrastructure, 2005)",Maharashtra State Power Generation Co Ltd,10.526315789473683,-0.009
M/s ECIL,Maharashtra State Power Generation Co Ltd,10.526315789473683,-0.009
M/s ECIL,Sharma Infrastructure Projects Private Limited,11.764705882352944,-0.01
"M/s ECIL (infrastructure, 2005)",Sharma Infrastructure Projects Private Limited,11.764705882352944,-0.01
M/s Jai Laxmi Agro Foods Pvt. Ltd,M/s TCS,8.695652173913048,-0.011
Central Railway,M/s Surya Vamsi Shrimp Hatcheries,31.818181818181824,-0.015
M/s ECIL,M/s Zafza Mumbai Business Park (India) Pvt Ltd,13.33333333333333,-0.018
"M/s ECIL (infrastructure, 2005)",M/s Zafza Mumbai Business Park (India) Pvt Ltd,13.33333333333333,-0.018
M/s Punj Lloyd Ltd.,M/s Surya Vamsi Shrimp Hatcheries,15.384615384615385,-0.02
"M/s Mastek Ltd (software developer, 2001)",M/s Rohan Dyes & Intermediates Ltd.,26.66666666666667,-0.02
M/s Mastek Ltd,M/s Rohan Dyes & Intermediates Ltd.,26.66666666666667,-0.02
M/s CRISIL Risk and Infrastructure Solutions Limited,Tata Power,16.000000000000004,-0.022
Karnala Mahila Readymade Garment & Vastra Udyog Industrial Co-op Society (purchasers),M/s TCS,8.571428571428575,-0.026
Karnala Mahila Readymade Garment & Vastra Udyog Industrial Co-op Society (purchasers),M/s Embassy One Developers Private Limited,26.96629213483146,-0.027
M/s Punj Lloyd Ltd.,Vidarbha Cricket Association,10.526315789473683,-0.031
M/s Surya Vamsi Shrimp Hatcheries,Reliance Infrastructure Ltd (supplier),34.61538461538461,-0.041
M/s Surya Vamsi Shrimp Hatcheries,Reliance Infrastructure,34.61538461538461,-0.041
ICICI Bank (attached/sold property),Karnala Mahila Readymade Garment & Vastra Udyog Industrial Co-op Society (purchasers),18.181818181818176,-0.047
"M/s ECIL (infrastructure, 2005)",M/s Surya Vamsi Shrimp Hatcheries,12.121212121212121,-0.061
M/s ECIL,M/s Surya Vamsi Shrimp Hatcheries,12.121212121212121,-0.061
M/s Surya Vamsi Shrimp Hatcheries,Tapi IDC,21.62162162162162,-0.094
Konkan IDC,M/s Surya Vamsi Shrimp Hatcheries,15.384615384615385,-0.099
